date,open,high,low,close,volume,symbol
2020-01-02,6.98,6.98,6.88,6.98,18320,MSN
2020-01-03,6.98,6.98,6.86,6.98,2450,MSN
2020-01-06,6.74,7.05,6.74,6.88,22760,MSN
2020-01-07,7.07,7.07,6.88,6.88,18320,MSN
2020-01-08,6.74,6.88,6.74,6.88,2640,MSN
2020-01-09,6.98,6.98,6.88,6.95,3720,MSN
2020-01-10,6.88,6.95,6.76,6.93,8570,MSN
2020-01-13,6.78,7.07,6.78,6.98,40860,MSN
2020-01-14,6.98,6.98,6.86,6.98,65730,MSN
2020-01-15,6.86,7.18,6.86,6.98,1050,MSN
2020-01-16,6.75,6.96,6.75,6.86,24120,MSN
2020-01-17,6.86,7.08,6.86,6.93,30490,MSN
2020-01-20,6.98,6.98,6.87,6.87,10870,MSN
2020-01-21,6.86,6.98,6.86,6.95,53940,MSN
2020-01-22,7.08,7.08,6.88,6.88,44180,MSN
2020-01-30,7.22,7.22,6.49,6.49,101240,MSN
2020-01-31,6.74,6.74,6.4,6.45,54030,MSN
2020-02-03,6.04,6.45,6.01,6.45,96440,MSN
2020-02-04,6.25,6.49,6.25,6.45,6550,MSN
2020-02-05,6.28,6.57,6.13,6.41,59100,MSN
2020-02-06,6.23,6.49,6.23,6.45,23930,MSN
2020-02-07,6.4,6.68,6.01,6.37,60730,MSN
2020-02-10,6.49,6.49,6.29,6.35,9850,MSN
2020-02-11,6.35,6.45,6.25,6.37,30890,MSN
2020-02-12,6.37,6.59,6.36,6.58,55830,MSN
2020-02-13,6.49,6.65,6.49,6.65,34100,MSN
2020-02-14,6.71,6.95,6.69,6.77,30240,MSN
2020-02-17,6.72,6.86,6.64,6.74,17570,MSN
2020-02-18,6.75,6.81,6.62,6.81,14320,MSN
2020-02-19,6.81,6.81,6.58,6.76,120,MSN
2020-02-20,6.63,6.74,6.63,6.74,4640,MSN
2020-02-21,6.74,6.82,6.65,6.74,128730,MSN
2020-02-24,6.54,6.68,6.4,6.54,8780,MSN
2020-02-25,6.49,6.62,6.41,6.62,13560,MSN
2020-02-26,6.62,6.62,6.16,6.37,30500,MSN
2020-02-27,6.37,6.47,6.25,6.47,78230,MSN
2020-02-28,6.28,6.28,6.25,6.25,7540,MSN
2020-03-02,6.25,6.49,6.25,6.25,53480,MSN
2020-03-03,6.37,6.37,6.25,6.25,29910,MSN
2020-03-04,6.35,6.35,6.25,6.25,6280,MSN
2020-03-05,6.36,6.45,6.25,6.35,69690,MSN
2020-03-06,6.35,6.4,6.29,6.4,11030,MSN
2020-03-09,6.01,6.23,5.95,6.13,95830,MSN
2020-03-10,5.8,6.23,5.8,6.13,171530,MSN
2020-03-11,5.83,5.89,5.71,5.75,101910,MSN
2020-03-12,5.35,5.56,5.35,5.35,20000,MSN
2020-03-13,4.98,5.29,4.98,4.98,14480,MSN
2020-03-16,4.73,4.73,4.64,4.64,70910,MSN
2020-03-17,4.64,4.76,4.32,4.64,112680,MSN
2020-03-18,4.57,4.64,4.49,4.55,28810,MSN
2020-03-19,4.26,4.5,4.26,4.5,30150,MSN
2020-03-20,4.31,4.49,4.31,4.37,64460,MSN
2020-03-23,4.33,4.33,4.07,4.07,137700,MSN
2020-03-24,4.07,4.07,3.8,3.85,82950,MSN
2020-03-25,3.85,3.92,3.85,3.86,101960,MSN
2020-03-26,3.86,3.86,3.78,3.82,111750,MSN
2020-03-27,3.85,3.85,3.7,3.82,110100,MSN
2020-03-30,3.73,3.74,3.56,3.56,177850,MSN
2020-03-31,3.56,3.61,3.42,3.42,77020,MSN
2020-04-01,3.42,3.58,3.42,3.49,145180,MSN
2020-04-03,3.55,3.7,3.55,3.61,269230,MSN
2020-04-06,3.73,3.81,3.7,3.81,259240,MSN
2020-04-07,3.81,3.81,3.61,3.78,230520,MSN
2020-04-08,3.73,3.75,3.63,3.7,199900,MSN
2020-04-09,3.7,3.96,3.7,3.96,514950,MSN
2020-04-10,4.23,4.23,4.16,4.23,1148030,MSN
2020-04-13,4.34,4.5,4.28,4.33,335150,MSN
2020-04-14,4.33,4.33,4.1,4.21,327760,MSN
2020-04-15,4.28,4.5,4.28,4.4,1117240,MSN
2020-04-16,4.4,4.62,4.35,4.5,327780,MSN
2020-04-17,4.53,4.76,4.5,4.76,465210,MSN
2020-04-20,4.76,4.79,4.47,4.59,902790,MSN
2020-04-21,4.45,4.52,4.28,4.28,690330,MSN
2020-04-22,4.09,4.47,4.09,4.4,460820,MSN
2020-04-23,4.52,4.59,4.4,4.52,603730,MSN
2020-04-24,4.45,4.46,4.4,4.43,549750,MSN
2020-04-27,4.43,4.45,4.21,4.25,349740,MSN
2020-04-28,4.23,4.26,4.17,4.26,314120,MSN
2020-04-29,4.25,4.26,4.19,4.23,303380,MSN
2020-05-04,4.21,4.47,4.19,4.27,413270,MSN
2020-05-05,4.38,4.45,4.28,4.45,281980,MSN
2020-05-06,4.45,4.47,4.4,4.43,143670,MSN
2020-05-07,4.43,4.57,4.41,4.57,393280,MSN
2020-05-08,4.58,4.88,4.58,4.73,1299710,MSN
2020-05-11,5.02,5.05,4.84,5.05,725760,MSN
2020-05-12,5.4,5.4,5.27,5.4,1566100,MSN
2020-05-13,5.21,5.39,5.05,5.24,952830,MSN
2020-05-14,5.12,5.6,5.1,5.46,962520,MSN
2020-05-15,5.46,5.75,5.45,5.54,791520,MSN
2020-05-18,5.53,5.85,5.48,5.77,600770,MSN
2020-05-19,5.92,5.99,5.65,5.89,677230,MSN
2020-05-20,5.68,5.85,5.68,5.79,374340,MSN
2020-05-21,5.75,5.83,5.48,5.6,1134540,MSN
2020-05-22,5.63,5.74,5.48,5.58,798190,MSN
2020-05-25,5.58,5.7,5.51,5.63,744260,MSN
2020-05-26,5.63,5.89,5.63,5.77,920040,MSN
2020-05-27,5.85,5.88,5.53,5.53,747450,MSN
2020-05-28,5.6,5.65,5.5,5.62,846770,MSN
2020-05-29,5.57,5.63,5.45,5.48,1256510,MSN
2020-06-01,5.53,5.68,5.51,5.66,272620,MSN
2020-06-02,5.73,5.91,5.71,5.73,1134730,MSN
2020-06-03,5.66,5.81,5.63,5.69,387580,MSN
2020-06-04,5.71,6.09,5.71,6.06,2503400,MSN
2020-06-05,6.11,6.11,5.97,6.06,621890,MSN
2020-06-08,6.21,6.28,6.06,6.16,895100,MSN
2020-06-09,6.13,6.16,5.94,5.98,1394860,MSN
2020-06-10,5.94,6.11,5.86,6.07,1060000,MSN
2020-06-11,6.09,6.15,5.65,5.65,1309250,MSN
2020-06-12,5.28,5.56,5.27,5.56,1141200,MSN
2020-06-15,5.56,5.56,5.17,5.17,1023220,MSN
2020-06-16,5.34,5.45,5.27,5.35,865980,MSN
2020-06-17,5.36,5.44,5.22,5.34,574740,MSN
2020-06-18,5.34,5.35,5.22,5.26,397870,MSN
2020-06-19,5.27,5.5,5.27,5.48,801950,MSN
2020-06-22,5.51,5.64,5.48,5.51,459520,MSN
2020-06-23,5.6,5.83,5.53,5.74,1347280,MSN
2020-06-24,5.74,5.87,5.41,5.53,722350,MSN
2020-06-25,5.41,5.58,5.38,5.5,509950,MSN
2020-06-26,5.5,5.63,5.27,5.4,768440,MSN
2020-06-29,5.28,5.4,5.04,5.05,739540,MSN
2020-06-30,5.22,5.24,4.9,4.93,863550,MSN
2020-07-01,5.05,5.27,4.93,5.27,373730,MSN
2020-07-02,5.4,5.48,5.32,5.34,275590,MSN
2020-07-03,5.41,5.41,5.3,5.38,425360,MSN
2020-07-06,5.51,5.51,5.39,5.5,328790,MSN
2020-07-07,5.63,5.68,5.51,5.51,911110,MSN
2020-07-08,5.51,5.71,5.46,5.7,681070,MSN
2020-07-09,5.75,5.89,5.74,5.81,911920,MSN
2020-07-10,5.81,6.11,5.81,5.97,1770990,MSN
2020-07-13,6.01,6.01,5.92,5.95,647150,MSN
2020-07-14,5.95,6.1,5.85,6.03,780520,MSN
2020-07-15,6.11,6.12,5.97,5.99,661280,MSN
2020-07-16,6.12,6.12,5.93,5.98,497370,MSN
2020-07-17,5.99,5.99,5.89,5.93,318800,MSN
2020-07-20,5.94,6.04,5.89,5.98,599990,MSN
2020-07-21,6.02,6.02,5.81,5.94,481600,MSN
2020-07-22,6.02,6.02,5.76,5.78,604490,MSN
2020-07-23,5.72,5.78,5.62,5.76,672430,MSN
2020-07-24,5.76,5.76,5.36,5.5,1533360,MSN
2020-07-27,5.2,5.36,5.12,5.12,1595680,MSN
2020-07-28,5.12,5.38,5.09,5.38,713060,MSN
2020-07-29,5.2,5.32,5.06,5.23,761760,MSN
2020-07-30,5.32,5.44,5.23,5.23,313810,MSN
2020-07-31,5.09,5.3,5.09,5.13,257670,MSN
2020-08-03,5.23,5.36,5.14,5.36,303080,MSN
2020-08-04,5.43,5.57,5.43,5.48,316050,MSN
2020-08-05,5.5,5.55,5.38,5.52,316960,MSN
2020-08-06,5.53,5.58,5.44,5.46,362070,MSN
2020-08-07,5.46,5.5,5.43,5.48,150520,MSN
2020-08-10,5.48,5.54,5.46,5.48,410500,MSN
2020-08-11,5.53,5.73,5.45,5.63,618790,MSN
2020-08-12,5.63,5.75,5.58,5.71,353450,MSN
2020-08-13,5.73,5.84,5.68,5.73,365050,MSN
2020-08-14,5.75,5.78,5.58,5.64,471190,MSN
2020-08-17,5.59,5.67,5.49,5.55,245960,MSN
2020-08-18,5.55,5.62,5.46,5.53,301990,MSN
2020-08-19,5.49,5.71,5.48,5.7,526020,MSN
2020-08-20,5.64,5.75,5.61,5.67,618180,MSN
2020-08-21,5.67,5.95,5.67,5.91,1395340,MSN
2020-08-24,6.07,6.07,5.96,6.04,698810,MSN
2020-08-25,6.04,6.09,5.96,5.96,736340,MSN
2020-08-26,5.95,6.32,5.89,6.23,1740420,MSN
2020-08-27,6.25,6.67,6.23,6.67,2281980,MSN
2020-08-28,6.64,6.78,6.53,6.53,679200,MSN
2020-08-31,6.55,6.76,6.45,6.45,1269250,MSN
2020-09-01,6.48,6.74,6.48,6.64,729470,MSN
2020-09-03,6.68,6.85,6.64,6.83,1046200,MSN
2020-09-04,6.71,7.27,6.64,7.12,1926100,MSN
2020-09-07,7.17,7.28,6.78,6.78,1523250,MSN
2020-09-08,6.82,7.01,6.78,7.01,1324370,MSN
2020-09-09,6.91,7.18,6.89,7.18,1413500,MSN
2020-09-10,7.29,7.29,7.06,7.12,702560,MSN
2020-09-11,7.12,7.19,7.04,7.12,577610,MSN
2020-09-14,7.12,7.22,7.12,7.17,753650,MSN
2020-09-15,7.22,7.4,7.12,7.22,907220,MSN
2020-09-16,7.23,7.37,7.19,7.33,585860,MSN
2020-09-17,7.33,7.33,7.12,7.27,708300,MSN
2020-09-18,7.27,7.55,7.22,7.5,760340,MSN
2020-09-21,7.47,7.63,7.47,7.58,593370,MSN
2020-09-22,7.51,7.56,7.45,7.53,439670,MSN
2020-09-23,7.55,7.6,7.47,7.5,517710,MSN
2020-09-24,7.42,7.46,7.21,7.24,1058850,MSN
2020-09-25,7.24,7.32,7.12,7.24,754920,MSN
2020-09-28,7.27,7.37,7.23,7.37,761250,MSN
2020-09-29,7.38,7.51,7.32,7.32,783580,MSN
2020-09-30,7.29,7.42,7.22,7.37,390350,MSN
2020-10-01,7.47,7.88,7.47,7.88,2148460,MSN
2020-10-02,7.93,8.11,7.73,8.06,1158330,MSN
2020-10-05,8.4,8.4,8.17,8.24,780330,MSN
2020-10-06,8.24,8.31,8.01,8.19,1143460,MSN
2020-10-07,8.09,8.33,8.06,8.1,841750,MSN
2020-10-08,8.11,8.33,8.09,8.32,841930,MSN
2020-10-09,8.34,8.7,8.29,8.7,1385850,MSN
2020-10-12,8.83,9.09,8.7,8.96,1153290,MSN
2020-10-13,8.96,9.01,8.78,8.78,688030,MSN
2020-10-14,8.78,9.39,8.72,9.37,1435810,MSN
2020-10-15,9.44,10.02,9.39,10.02,1386260,MSN
2020-10-16,10.37,10.71,10.01,10.32,1534360,MSN
2020-10-19,10.24,10.37,9.85,9.85,1551380,MSN
2020-10-20,9.85,10.24,9.85,10.24,823840,MSN
2020-10-21,9.98,10.21,9.52,9.52,2092670,MSN
2020-10-22,9.48,9.85,9.11,9.85,1493090,MSN
2020-10-23,10.14,10.15,9.8,9.82,638890,MSN
2020-10-26,9.85,9.85,9.16,9.16,1140160,MSN
2020-10-27,9.21,9.32,8.75,8.87,1382920,MSN
2020-10-28,8.75,9.16,8.72,8.87,979310,MSN
2020-10-29,9.21,9.39,8.96,9.16,866190,MSN
2020-10-30,9.16,9.52,9.16,9.44,849500,MSN
2020-11-02,9.51,9.93,9.47,9.85,842750,MSN
2020-11-03,9.96,10.01,9.69,9.74,571870,MSN
2020-11-04,9.85,10.06,9.79,9.96,935280,MSN
2020-11-05,9.96,10.1,9.85,9.96,874250,MSN
2020-11-06,10.06,10.06,9.73,9.88,681830,MSN
2020-11-09,9.85,9.96,9.82,9.88,446200,MSN
2020-11-10,10.06,10.57,9.91,10.37,3325140,MSN
2020-11-11,10.49,10.75,10.47,10.6,786280,MSN
2020-11-12,10.58,11.01,10.57,10.88,713760,MSN
2020-11-13,10.9,10.93,10.7,10.78,870020,MSN
2020-11-16,10.88,11.11,10.75,10.83,1224250,MSN
2020-11-17,10.83,11.01,10.8,10.98,838030,MSN
2020-11-18,10.98,11.19,10.93,11.02,561710,MSN
2020-11-19,11.01,11.01,10.37,10.44,2263060,MSN
2020-11-20,10.49,10.65,10.37,10.42,1079310,MSN
2020-11-23,10.42,10.71,10.4,10.53,811810,MSN
2020-11-24,10.55,10.78,10.44,10.75,967480,MSN
2020-11-25,10.81,10.99,10.62,10.67,891260,MSN
2020-11-26,10.65,10.75,10.48,10.67,491340,MSN
2020-11-27,10.75,10.95,10.62,10.93,1017610,MSN
2020-11-30,10.93,10.95,10.67,10.67,811240,MSN
2020-12-01,10.57,10.88,10.46,10.83,900090,MSN
2020-12-02,10.88,11.52,10.83,11.3,1692930,MSN
2020-12-03,11.31,11.47,11.06,11.31,806490,MSN
2020-12-04,11.21,11.36,11.17,11.17,819320,MSN
2020-12-07,11.19,11.34,11.11,11.21,725010,MSN
2020-12-08,11.21,11.59,11.19,11.44,1584210,MSN
2020-12-09,11.52,11.59,11.25,11.25,1743300,MSN
2020-12-10,11.26,11.52,11.01,11.01,1661160,MSN
2020-12-11,11.01,11.19,10.94,11.16,801940,MSN
2020-12-14,11.16,11.75,11.16,11.65,1292050,MSN
2020-12-15,11.65,11.77,11.39,11.44,1256310,MSN
2020-12-16,11.44,11.71,11.35,11.48,1053270,MSN
2020-12-17,11.47,11.56,11.24,11.24,1139680,MSN
2020-12-18,11.49,12.02,11.26,12.02,2493590,MSN
2020-12-21,12.41,12.85,12.03,12.85,2151210,MSN
2020-12-22,13.06,13.58,12.87,13.55,1807490,MSN
2020-12-23,13.55,13.55,13.06,13.16,1240100,MSN
2020-12-24,13.08,13.45,12.4,13.4,2426070,MSN
2020-12-25,13.32,14.1,13.19,13.76,1405810,MSN
2020-12-28,13.84,14.62,13.84,14.1,2035090,MSN
2020-12-29,14.1,14.6,13.92,14.31,1588850,MSN
2020-12-30,14.18,14.7,14.13,14.57,1020290,MSN
2020-12-31,14.49,15.28,14.49,15.2,1188400,MSN
2021-01-04,15.38,15.93,15.38,15.75,1265600,MSN
2021-01-05,15.75,16.66,15.64,16.4,1105900,MSN
2021-01-06,16.82,16.82,15.8,15.93,1540700,MSN
2021-01-07,16.06,16.17,15.41,16.03,2686300,MSN
2021-01-08,16.11,16.45,15.54,15.77,845300,MSN
2021-01-11,15.7,15.77,15.15,15.25,1715300,MSN
2021-01-12,15.25,15.9,15.02,15.77,1288000,MSN
2021-01-13,15.77,15.88,15.3,15.41,1502300,MSN
2021-01-14,15.41,15.98,15.41,15.8,2664000,MSN
2021-01-15,15.83,16.27,15.75,16.27,2138300,MSN
2021-01-18,16.56,17.05,16.32,16.71,2271400,MSN
2021-01-19,16.5,16.69,15.56,15.8,2035900,MSN
2021-01-20,15.67,15.83,14.89,15.54,1419200,MSN
2021-01-21,15.8,16.03,15.28,15.98,869400,MSN
2021-01-22,16.14,16.14,15.8,15.93,1181900,MSN
2021-01-25,15.67,15.96,15.38,15.75,1081000,MSN
2021-01-26,15.62,15.62,14.65,14.78,1397600,MSN
2021-01-27,13.92,14.76,13.76,13.76,1894500,MSN
2021-01-28,12.81,12.93,12.81,12.81,1583600,MSN
2021-01-29,11.92,13.53,11.92,12.8,2201100,MSN
2021-02-01,12.78,13.19,12.43,12.43,1353100,MSN
2021-02-02,12.01,12.8,12.01,12.67,810300,MSN
2021-02-03,12.9,13.53,12.69,13.53,1070100,MSN
2021-02-04,14.1,14.29,13.58,13.84,1191300,MSN
2021-02-05,13.84,14.26,13.84,14.15,867600,MSN
2021-02-08,14.15,14.26,13.19,13.42,1693300,MSN
2021-02-09,13.42,13.89,12.98,13.82,1209800,MSN
2021-02-17,14.1,14.49,13.84,14.49,821000,MSN
2021-02-18,14.42,14.52,14.23,14.36,812100,MSN
2021-02-19,14.36,14.62,14.1,14.57,1013800,MSN
2021-02-22,14.86,14.86,14.1,14.36,1030300,MSN
2021-02-23,14.47,14.57,14.21,14.36,794700,MSN
2021-02-24,14.49,14.68,13.97,14.1,1206100,MSN
2021-02-25,14.1,14.31,13.92,14.1,611800,MSN
2021-02-26,13.84,14.18,13.84,14.05,598100,MSN
2021-03-01,14.18,14.47,14.05,14.36,880000,MSN
2021-03-02,14.62,14.62,14.23,14.23,984800,MSN
2021-03-03,14.23,14.44,14.18,14.23,962500,MSN
2021-03-04,14.23,14.31,13.58,13.97,1192700,MSN
2021-03-05,13.97,13.97,13.42,13.84,964400,MSN
2021-03-08,14.1,14.1,13.87,14.0,806300,MSN
2021-03-09,13.87,14.1,13.79,14.02,381100,MSN
2021-03-10,14.02,14.99,13.97,14.99,2099200,MSN
2021-03-11,15.41,15.64,15.28,15.46,1813900,MSN
2021-03-12,15.46,15.67,15.3,15.36,1311600,MSN
2021-03-15,15.41,16.01,15.17,15.93,2408600,MSN
2021-03-16,16.14,16.32,15.8,16.01,1611400,MSN
2021-03-17,15.93,16.03,15.75,15.93,1612600,MSN
2021-03-18,16.01,16.98,15.93,16.9,1938200,MSN
2021-03-19,16.98,17.89,16.98,17.6,1743900,MSN
2021-03-22,17.6,17.81,17.11,17.37,903700,MSN
2021-03-23,17.24,17.24,16.45,16.95,1661000,MSN
2021-03-24,16.69,16.71,15.85,16.09,1990500,MSN
2021-03-25,16.17,16.45,15.8,15.85,1637900,MSN
2021-03-26,15.93,16.69,15.56,16.69,1741400,MSN
2021-03-29,16.71,17.08,16.58,16.79,1533300,MSN
2021-03-30,16.84,17.0,16.66,16.92,1318200,MSN
2021-03-31,16.84,16.92,16.48,16.69,1828100,MSN
2021-04-01,16.71,17.71,16.58,17.58,1584600,MSN
2021-04-02,17.76,17.76,17.24,17.31,1079800,MSN
2021-04-05,17.5,17.73,17.34,17.45,1155400,MSN
2021-04-06,17.24,17.68,17.24,17.6,1466900,MSN
2021-04-07,17.6,17.99,17.5,17.92,1199800,MSN
2021-04-08,18.02,18.02,17.37,17.63,1503300,MSN
2021-04-09,17.5,17.89,17.39,17.86,1348500,MSN
2021-04-12,17.99,18.05,17.5,17.65,2150000,MSN
2021-04-13,17.68,17.73,17.11,17.18,1778700,MSN
2021-04-14,16.98,17.55,16.84,17.55,1489800,MSN
2021-04-15,17.55,17.55,17.11,17.13,1158200,MSN
2021-04-16,16.98,17.39,16.45,16.82,1331900,MSN
2021-04-19,16.71,17.11,16.37,16.84,1170700,MSN
2021-04-20,17.08,17.08,16.27,16.53,1283800,MSN
2021-04-22,16.5,16.69,15.8,15.88,2122800,MSN
2021-04-23,15.88,16.48,15.67,16.24,1100100,MSN
2021-04-26,16.4,16.45,15.88,15.93,1024700,MSN
2021-04-27,15.93,16.32,15.88,16.27,843500,MSN
2021-04-28,16.32,17.11,16.32,16.71,1834700,MSN
2021-04-29,17.12,17.12,16.66,16.74,694700,MSN
2021-05-04,16.2,16.77,16.2,16.77,717500,MSN
2021-05-05,16.77,17.66,16.71,17.25,3384100,MSN
2021-05-06,17.31,17.49,17.09,17.2,2523300,MSN
2021-05-07,17.01,17.36,16.9,17.2,1871200,MSN
2021-05-10,17.17,18.38,16.93,18.38,3746100,MSN
2021-05-11,18.87,19.14,18.38,18.38,2509800,MSN
2021-05-12,18.28,19.14,18.28,19.14,2025300,MSN
2021-05-13,19.03,19.35,18.71,18.71,2127300,MSN
2021-05-14,18.95,20.0,18.65,19.76,3217400,MSN
2021-05-17,19.95,20.14,19.44,19.68,2055000,MSN
2021-05-18,19.46,19.84,19.25,19.41,2099900,MSN
2021-05-19,19.3,19.89,19.09,19.68,2266600,MSN
2021-05-20,19.65,20.62,19.54,19.92,2603100,MSN
2021-05-21,20.22,20.7,19.68,19.87,2427100,MSN
2021-05-24,19.89,19.95,19.49,19.68,1999300,MSN
2021-05-25,19.65,20.08,19.57,20.03,1588200,MSN
2021-05-26,20.03,20.46,20.03,20.27,1789800,MSN
2021-05-27,20.27,20.27,19.68,19.76,1974200,MSN
2021-05-28,19.89,20.19,19.54,20.08,1891200,MSN
2021-05-31,20.3,21.46,20.3,21.43,3351600,MSN
2021-06-01,21.57,21.75,20.76,20.92,1517300,MSN
2021-06-02,20.92,21.48,20.81,21.48,2076900,MSN
2021-06-03,21.83,22.91,21.73,22.64,2819700,MSN
2021-06-04,22.81,23.13,22.51,22.91,2479300,MSN
2021-06-07,22.64,22.91,21.32,21.83,2642800,MSN
2021-06-08,22.1,22.91,21.3,21.43,4415800,MSN
2021-06-09,22.21,22.91,21.43,22.78,3383700,MSN
2021-06-10,23.05,24.37,22.91,24.37,4892700,MSN
2021-06-11,24.37,24.93,24.13,24.75,2444100,MSN
2021-06-14,24.77,26.47,24.75,26.42,3028500,MSN
2021-06-15,26.58,28.22,26.01,27.5,3726300,MSN
2021-06-16,26.96,27.23,26.01,26.55,4388000,MSN
2021-06-17,25.64,27.23,25.64,26.5,3005100,MSN
2021-06-18,28.3,28.3,28.3,28.3,2145000,MSN
2021-06-21,29.22,29.65,28.36,28.68,7431800,MSN
2021-06-22,29.11,29.11,28.3,28.3,3761600,MSN
2021-06-23,28.36,28.74,27.98,28.03,2706300,MSN
2021-06-24,27.71,28.3,27.55,27.66,1619000,MSN
2021-06-25,27.66,28.84,27.55,28.68,2958000,MSN
2021-06-28,28.9,29.06,28.47,28.63,2063800,MSN
2021-06-29,28.47,28.95,28.3,28.57,2075000,MSN
2021-06-30,28.41,28.41,28.03,28.14,2244700,MSN
2021-07-01,28.41,29.6,28.2,29.33,4435300,MSN
2021-07-02,29.76,31.38,29.6,31.38,5243700,MSN
2021-07-05,32.02,32.35,30.73,31.81,4506000,MSN
2021-07-06,31.54,32.08,29.6,29.6,3831700,MSN
2021-07-07,29.65,30.46,28.2,30.14,3595600,MSN
2021-07-08,30.19,30.46,29.01,29.27,2273200,MSN
2021-07-09,28.95,30.51,28.74,29.65,2738000,MSN
2021-07-12,29.11,29.65,27.6,27.77,4100700,MSN
2021-07-13,28.57,28.57,27.6,28.41,1472600,MSN
2021-07-14,28.03,28.68,27.44,27.5,1900400,MSN
2021-07-15,27.5,28.57,27.5,28.57,1478600,MSN
2021-07-16,28.68,29.06,28.03,28.09,1668600,MSN
2021-07-19,27.5,28.03,26.15,26.15,3460700,MSN
2021-07-20,26.15,27.23,24.37,27.17,8499600,MSN
2021-07-21,27.23,27.77,26.36,26.42,3506300,MSN
2021-07-22,26.26,26.93,26.26,26.69,2951500,MSN
2021-07-23,26.42,26.66,25.55,25.55,5806800,MSN
2021-07-26,25.04,25.45,24.26,24.8,4380200,MSN
2021-07-27,25.34,25.85,25.12,25.61,3575500,MSN
2021-07-28,25.34,25.82,25.23,25.29,1751200,MSN
2021-07-29,25.45,25.82,25.29,25.74,3394900,MSN
2021-07-30,25.88,27.06,25.88,26.85,5362300,MSN
2021-08-02,26.96,27.6,26.79,26.9,5223100,MSN
2021-08-03,26.85,27.77,26.58,27.77,7266200,MSN
2021-08-04,28.14,29.11,27.98,28.79,8764000,MSN
2021-08-05,28.57,30.08,28.41,30.08,6351200,MSN
2021-08-06,29.76,29.92,29.33,29.33,6862800,MSN
2021-08-09,29.01,30.95,28.9,30.73,8073800,MSN
2021-08-10,31.22,31.22,30.14,30.73,4749100,MSN
2021-08-11,30.73,30.84,29.71,29.71,7182700,MSN
2021-08-12,29.76,30.41,29.6,29.76,5002400,MSN
2021-08-13,29.87,30.73,29.76,30.73,6303100,MSN
2021-08-16,31.59,32.83,31.38,32.83,7731500,MSN
2021-08-17,32.83,33.97,32.67,33.37,6971800,MSN
2021-08-18,33.32,34.72,32.99,34.02,6286000,MSN
2021-08-19,34.02,34.61,33.7,34.45,4872400,MSN
2021-08-20,34.13,34.67,32.4,33.48,11686500,MSN
2021-08-23,33.48,34.45,32.67,33.53,6703800,MSN
2021-08-24,33.53,33.7,31.27,31.32,8679400,MSN
2021-08-25,31.38,32.35,31.16,32.24,3708300,MSN
2021-08-26,32.24,32.56,31.27,31.59,3982000,MSN
2021-08-27,31.22,32.29,30.89,32.24,4332900,MSN
2021-08-30,32.89,32.89,32.08,32.83,5027400,MSN
2021-08-31,33.05,33.16,32.08,32.46,5765000,MSN
2021-09-01,32.35,32.78,31.92,32.46,5253700,MSN
2021-09-06,32.89,33.1,32.24,33.05,6138100,MSN
2021-09-07,33.16,35.31,33.16,34.67,9923700,MSN
2021-09-08,35.04,35.04,33.59,34.07,5975100,MSN
2021-09-09,33.97,34.23,33.48,34.23,4864700,MSN
2021-09-10,34.23,35.21,34.18,34.5,4718900,MSN
2021-09-13,34.29,34.45,33.7,34.29,4723600,MSN
2021-09-14,34.23,34.23,33.7,33.75,2986700,MSN
2021-09-15,33.43,34.18,33.05,33.7,2861600,MSN
2021-09-16,33.7,34.18,33.64,33.86,2269600,MSN
2021-09-17,33.91,35.58,33.8,34.23,11472700,MSN
2021-09-20,35.21,35.21,34.34,34.56,5330600,MSN
2021-09-21,34.02,34.56,33.59,34.34,4799100,MSN
2021-09-22,34.13,34.29,33.75,34.18,3952200,MSN
2021-09-23,34.5,34.72,34.07,34.07,3882400,MSN
2021-09-24,34.13,34.23,33.7,33.7,2456700,MSN
2021-09-27,33.7,33.91,31.54,31.54,6777900,MSN
2021-09-28,31.38,32.62,31.32,32.62,3703000,MSN
2021-09-29,32.35,32.46,31.81,32.13,2258900,MSN
2021-09-30,32.35,32.56,31.92,32.08,1776200,MSN
2021-10-01,31.97,32.24,31.0,31.11,4775900,MSN
2021-10-04,30.78,31.0,29.71,30.03,6105700,MSN
2021-10-05,30.73,32.08,30.57,32.08,4807800,MSN
2021-10-06,32.29,32.35,31.65,32.08,2300200,MSN
2021-10-07,32.08,32.83,31.7,32.62,3740100,MSN
2021-10-08,32.83,33.32,32.51,33.16,3574600,MSN
2021-10-11,33.64,33.75,33.16,33.48,2472000,MSN
2021-10-12,33.43,33.53,32.94,33.26,3444000,MSN
2021-10-13,33.26,33.43,32.83,32.99,2534700,MSN
2021-10-14,33.05,33.7,32.99,33.37,2976900,MSN
2021-10-15,33.43,33.97,33.32,33.59,2857200,MSN
2021-10-18,33.64,34.99,33.32,34.61,7532200,MSN
2021-10-19,34.67,35.91,34.45,34.99,7443400,MSN
2021-10-20,35.31,35.31,34.07,34.45,4645200,MSN
2021-10-21,34.67,34.77,33.91,34.23,3704900,MSN
2021-10-22,34.5,34.5,33.16,33.37,7264900,MSN
2021-10-25,33.05,33.32,32.19,32.35,7522100,MSN
2021-10-26,32.13,33.26,31.86,33.05,2783700,MSN
2021-10-27,33.21,34.13,32.94,34.13,3081900,MSN
2021-10-28,34.4,35.53,34.29,34.45,7621200,MSN
2021-10-29,34.77,34.94,33.97,34.56,5225600,MSN
2021-11-01,34.88,36.88,34.83,36.66,12424300,MSN
2021-11-02,36.77,37.85,36.71,37.47,7007500,MSN
2021-11-03,37.74,37.74,36.66,36.88,7036800,MSN
2021-11-04,36.93,39.36,36.93,38.76,6994900,MSN
2021-11-05,38.93,39.14,38.44,38.66,4128700,MSN
2021-11-08,38.66,39.84,38.33,39.19,4056900,MSN
2021-11-09,38.82,39.36,38.17,39.09,6082700,MSN
2021-11-10,39.25,39.9,38.87,39.41,4880600,MSN
2021-11-11,39.41,39.79,38.22,38.49,7613600,MSN
2021-11-12,38.49,39.14,38.28,38.82,3523200,MSN
2021-11-15,39.41,40.43,38.82,39.19,4210600,MSN
2021-11-16,38.82,39.3,38.17,38.44,4419100,MSN
2021-11-17,38.82,40.6,38.55,39.14,5138100,MSN
2021-11-18,39.9,41.73,39.63,41.24,7314800,MSN
2021-11-19,41.51,41.51,38.39,39.9,6929100,MSN
2021-11-22,39.68,40.54,38.71,39.09,5141600,MSN
2021-11-23,38.87,40.54,38.49,40.54,4130700,MSN
2021-11-24,42.59,42.59,41.3,41.73,7249800,MSN
2021-11-25,41.73,43.56,41.24,43.45,5604900,MSN
2021-11-26,43.35,43.56,42.05,42.38,5493100,MSN
2021-11-29,41.24,42.81,41.24,42.43,3716300,MSN
2021-11-30,42.91,44.21,42.05,43.02,5704100,MSN
2021-12-01,42.81,43.02,41.78,42.16,2946900,MSN
2021-12-02,42.21,43.08,41.73,42.16,2540800,MSN
2021-12-03,42.59,42.7,39.52,39.52,5301500,MSN
2021-12-06,39.63,40.33,36.82,38.82,5826700,MSN
2021-12-07,39.3,39.73,38.55,39.25,3704700,MSN
2021-12-08,39.36,40.17,39.09,39.73,2474300,MSN
2021-12-09,39.36,40.97,39.36,40.97,2369500,MSN
2021-12-10,41.14,41.51,40.6,41.08,2280200,MSN
2021-12-13,41.41,41.94,40.7,41.67,2274900,MSN
2021-12-14,41.84,42.05,41.14,41.24,2277400,MSN
2021-12-15,41.24,41.41,40.43,40.6,2182000,MSN
2021-12-16,41.24,41.24,39.68,39.84,2949000,MSN
2021-12-17,40.39,41.32,39.9,41.1,3298300,MSN
2021-12-20,40.94,42.74,40.83,42.03,3250700,MSN
2021-12-21,41.65,42.31,41.27,41.27,2128100,MSN
2021-12-22,41.54,41.54,40.11,40.33,2984300,MSN
2021-12-23,40.11,40.28,37.92,38.63,4918900,MSN
2021-12-24,39.46,39.46,38.52,39.29,1611100,MSN
2021-12-27,39.95,39.95,38.96,39.24,1214000,MSN
2021-12-28,39.13,39.68,38.91,38.91,1892100,MSN
2021-12-29,38.91,39.84,38.63,39.35,1343600,MSN
2021-12-30,39.51,40.83,39.51,40.5,1680400,MSN
2021-12-31,40.72,40.77,39.73,39.9,1168200,MSN
2022-01-04,40.11,40.99,39.79,40.77,2614500,MSN
2022-01-05,41.16,41.48,40.33,40.33,2062300,MSN
2022-01-06,40.17,40.66,39.73,39.73,2457900,MSN
2022-01-07,39.51,40.06,39.18,39.51,2293700,MSN
2022-01-10,39.46,39.62,37.26,37.26,3317800,MSN
2022-01-11,37.59,38.36,35.07,35.29,5277900,MSN
2022-01-12,35.35,36.44,34.2,36.17,4082600,MSN
2022-01-13,36.72,36.72,34.52,34.52,2861300,MSN
2022-01-14,34.25,34.85,34.03,34.03,2309100,MSN
2022-01-17,34.09,34.09,31.67,31.67,7520800,MSN
2022-01-18,31.02,31.62,29.48,29.48,4877300,MSN
2022-01-19,30.52,31.51,30.25,31.51,3246000,MSN
2022-01-20,32.33,32.99,31.4,32.72,2513200,MSN
2022-01-21,32.88,32.88,31.51,31.73,2397500,MSN
2022-01-24,31.02,31.24,29.54,29.54,4075800,MSN
2022-01-25,28.93,30.03,28.93,29.87,2237500,MSN
2022-01-26,29.92,30.36,29.48,29.81,1419900,MSN
2022-01-27,29.81,30.91,29.59,30.2,1286300,MSN
2022-01-28,30.2,30.85,30.03,30.69,1478000,MSN
2022-02-07,31.18,32.83,31.13,32.11,2641100,MSN
2022-02-08,31.89,33.1,31.67,32.61,2560900,MSN
2022-02-09,32.88,33.7,32.55,33.15,2231900,MSN
2022-02-10,32.88,33.92,32.77,33.04,2016300,MSN
2022-02-11,32.99,33.87,32.61,33.48,2418800,MSN
2022-02-14,32.72,33.1,31.18,31.18,3309000,MSN
2022-02-15,31.62,31.95,30.96,31.78,2170300,MSN
2022-02-16,32.06,32.88,31.95,32.5,1136400,MSN
2022-02-17,32.77,32.77,32.11,32.39,1337700,MSN
2022-02-18,32.0,33.37,32.0,33.15,2963600,MSN
2022-02-21,33.37,34.36,33.32,34.25,2835300,MSN
2022-02-22,33.48,33.98,32.72,33.43,3721800,MSN
2022-02-23,33.59,34.14,33.43,33.59,2218200,MSN
2022-02-24,33.37,34.25,31.78,33.15,3898500,MSN
2022-02-25,33.87,34.85,33.48,34.14,4092800,MSN
2022-02-28,34.14,34.69,33.98,34.2,2157200,MSN
2022-03-01,34.41,35.35,33.98,34.8,3464200,MSN
2022-03-02,34.36,35.07,33.87,34.41,3559600,MSN
2022-03-03,34.52,34.63,34.03,34.47,1931500,MSN
2022-03-04,34.74,35.51,34.63,34.8,2947500,MSN
2022-03-07,34.2,34.8,34.03,34.31,2980600,MSN
2022-03-08,33.98,35.51,33.7,34.31,5363600,MSN
2022-03-09,34.63,35.02,34.2,34.74,2610000,MSN
2022-03-10,35.62,36.0,34.58,34.58,3166800,MSN
2022-03-11,34.58,34.58,33.76,33.98,3509700,MSN
2022-03-14,33.7,33.7,31.73,32.06,4849600,MSN
2022-03-15,31.67,32.39,31.67,31.89,1955400,MSN
2022-03-16,32.06,32.66,31.95,32.17,869200,MSN
2022-03-17,32.61,33.04,32.28,32.28,1557500,MSN
2022-03-18,32.33,32.55,32.06,32.06,2389900,MSN
2022-03-21,32.44,32.61,32.0,32.61,1269100,MSN
2022-03-22,32.83,32.99,32.33,32.77,1484200,MSN
2022-03-23,33.26,33.26,32.33,32.39,2050600,MSN
2022-03-24,32.39,32.55,31.78,32.06,2254500,MSN
2022-03-25,32.06,32.11,31.46,31.57,3561200,MSN
2022-03-28,31.24,31.57,29.98,30.96,4455000,MSN
2022-03-29,31.29,31.78,31.24,31.51,1291900,MSN
2022-03-30,31.24,32.06,31.24,31.35,1646100,MSN
2022-03-31,31.46,31.51,30.74,30.74,1747200,MSN
2022-04-01,30.69,31.51,30.41,31.51,1867600,MSN
2022-04-04,31.89,33.32,31.89,32.44,4261300,MSN
2022-04-05,32.61,32.99,32.06,32.06,1460700,MSN
2022-04-06,31.78,32.44,31.57,31.89,1842800,MSN
2022-04-07,31.95,32.55,31.29,31.35,2076900,MSN
2022-04-08,31.35,31.78,30.69,30.69,2152200,MSN
2022-04-12,30.69,30.85,29.26,29.26,2226500,MSN
2022-04-13,29.37,30.14,28.77,29.59,1922900,MSN
2022-04-14,29.92,30.41,29.15,29.15,1350100,MSN
2022-04-15,29.04,29.32,27.4,27.4,3092300,MSN
2022-04-18,26.74,26.74,25.48,25.48,3608400,MSN
2022-04-19,25.87,26.36,24.44,24.66,2395800,MSN
2022-04-20,24.93,25.13,23.84,23.84,2558000,MSN
2022-04-21,23.35,25.32,23.35,24.66,3134300,MSN
2022-04-22,24.99,25.37,23.62,24.44,1678200,MSN
2022-04-25,24.14,24.66,22.74,22.74,2407500,MSN
2022-04-26,22.36,23.24,21.15,23.02,3851700,MSN
2022-04-27,22.96,23.21,22.36,22.58,1218500,MSN
2022-04-28,22.52,22.99,21.92,21.92,1555100,MSN
2022-04-29,21.87,23.13,21.59,23.04,3116100,MSN
2022-05-04,23.04,23.37,22.47,22.47,1258400,MSN
2022-05-05,22.91,22.91,21.62,21.89,1541900,MSN
2022-05-06,21.26,21.48,20.39,20.39,4006700,MSN
2022-05-09,19.29,19.59,18.96,18.96,2973400,MSN
2022-05-10,17.76,19.45,17.76,19.29,3532600,MSN
2022-05-11,19.37,19.43,18.63,19.02,1181500,MSN
2022-05-12,18.69,18.91,17.7,17.7,3083200,MSN
2022-05-13,17.7,17.76,16.47,16.47,6020000,MSN
2022-05-16,17.56,17.62,17.02,17.02,3833000,MSN
2022-05-17,17.15,18.19,17.04,18.19,2200700,MSN
2022-05-18,18.91,19.45,18.8,19.45,6488500,MSN
2022-05-19,18.91,20.55,18.74,20.44,5370500,MSN
2022-05-20,20.71,20.99,19.92,20.33,3755300,MSN
2022-05-23,20.33,20.33,18.93,19.34,6221200,MSN
2022-05-24,19.07,20.14,18.14,20.14,5151200,MSN
2022-05-25,20.14,21.37,20.0,21.37,6219000,MSN
2022-05-26,21.15,21.92,20.99,21.48,5454000,MSN
2022-05-27,21.21,21.87,21.02,21.65,4433700,MSN
2022-05-30,21.7,22.03,21.32,21.51,4072200,MSN
2022-05-31,21.32,21.73,21.02,21.37,5333100,MSN
2022-06-01,21.15,21.76,20.63,21.51,4294200,MSN
2022-06-02,21.54,22.36,21.45,21.48,5278000,MSN
2022-06-03,21.48,21.92,21.04,21.45,3348800,MSN
2022-06-06,21.32,22.3,21.24,21.59,4794500,MSN
2022-06-07,21.26,21.54,20.44,21.45,4617100,MSN
2022-06-08,21.65,22.93,21.51,22.93,6819500,MSN
2022-06-09,23.02,23.45,22.66,22.74,3162800,MSN
2022-06-10,22.36,22.82,21.37,21.37,4725600,MSN
2022-06-13,20.28,20.77,19.89,19.89,6817000,MSN
2022-06-14,19.34,19.89,18.66,18.74,3327900,MSN
2022-06-15,18.74,18.96,17.45,17.65,5121900,MSN
2022-06-16,18.58,18.58,16.71,17.54,3201100,MSN
2022-06-17,16.71,17.1,16.44,16.96,4459600,MSN
2022-06-20,17.26,17.48,15.78,15.78,5013000,MSN
2022-06-21,15.51,16.88,15.48,16.82,5969200,MSN
2022-06-22,17.32,17.97,17.26,17.97,3425000,MSN
2022-06-23,17.81,18.52,17.37,18.52,3843800,MSN
2022-06-24,18.19,18.88,18.08,18.47,4092400,MSN
2022-06-27,18.71,19.73,18.66,19.73,3225100,MSN
2022-06-28,19.62,19.73,19.18,19.18,3137600,MSN
2022-06-29,18.99,20.0,18.91,19.45,3309400,MSN
2022-06-30,19.51,19.67,18.11,18.11,3204000,MSN
2022-07-01,18.19,19.37,17.81,19.37,4291000,MSN
2022-07-04,20.0,20.71,19.89,20.06,3838100,MSN
2022-07-05,19.89,20.52,19.7,19.89,3771200,MSN
2022-07-06,19.45,20.33,19.21,19.21,4198100,MSN
2022-07-07,19.24,19.56,18.99,19.56,2266900,MSN
2022-07-08,19.73,20.71,19.67,20.33,4204000,MSN
2022-07-11,20.06,20.44,18.99,19.56,4049900,MSN
2022-07-12,19.67,20.36,19.32,20.25,3364000,MSN
2022-07-13,20.3,20.71,19.89,19.92,3307800,MSN
2022-07-14,19.84,21.29,19.84,21.29,6008000,MSN
2022-07-15,21.65,21.65,20.82,20.82,3692600,MSN
2022-07-18,21.1,21.51,20.77,21.07,3762600,MSN
2022-07-19,20.99,21.26,20.28,20.82,6500400,MSN
2022-07-20,21.21,22.14,21.1,21.7,6277100,MSN
2022-07-21,21.37,21.84,21.21,21.29,3307700,MSN
2022-07-22,21.29,21.48,20.82,20.82,3539800,MSN
2022-07-25,20.55,21.62,20.33,21.15,5304600,MSN
2022-07-26,21.15,21.29,20.66,20.66,2133200,MSN
2022-07-27,20.55,21.21,20.47,21.04,2419600,MSN
2022-07-28,21.37,21.92,21.29,21.32,5701300,MSN
2022-07-29,21.43,22.36,21.43,22.19,8041100,MSN
2022-08-01,22.3,23.56,22.3,23.56,6370700,MSN
2022-08-02,23.4,23.89,23.13,23.4,5901400,MSN
2022-08-03,23.18,24.11,23.13,24.11,6689400,MSN
2022-08-04,24.11,24.28,23.59,23.89,5057100,MSN
2022-08-05,23.78,24.91,23.67,24.91,7298700,MSN
2022-08-08,24.88,25.21,24.8,25.21,4908400,MSN
2022-08-09,25.21,26.0,24.96,25.87,4602100,MSN
2022-08-10,25.59,26.36,25.56,26.14,4464900,MSN
2022-08-11,26.41,26.72,24.44,24.72,14334400,MSN
2022-08-12,24.66,26.25,24.55,26.25,5954000,MSN
2022-08-15,26.58,26.58,25.37,25.43,7099200,MSN
2022-08-16,25.21,25.73,25.21,25.65,7593000,MSN
2022-08-17,27.22,27.22,25.9,26.0,7479800,MSN
2022-08-18,25.93,26.79,25.65,26.36,4466300,MSN
2022-08-19,26.47,26.47,25.83,26.22,4134600,MSN
2022-08-22,26.04,26.25,25.36,25.58,4305300,MSN
2022-08-23,25.08,27.29,25.08,27.29,7160000,MSN
2022-08-24,27.29,27.61,26.97,27.25,3607200,MSN
2022-08-25,27.39,27.68,27.25,27.39,3436200,MSN
2022-08-26,27.43,27.43,26.5,26.65,5902400,MSN
2022-08-29,26.0,27.07,25.29,27.07,7971100,MSN
2022-08-30,27.32,27.39,26.43,26.43,4319000,MSN
2022-08-31,26.36,26.79,26.04,26.43,3968200,MSN
2022-09-05,26.43,27.11,26.15,26.65,4934700,MSN
2022-09-06,26.93,27.36,26.61,26.82,6406300,MSN
2022-09-07,26.79,27.93,26.75,26.93,11774900,MSN
2022-09-08,27.22,27.29,26.08,26.08,6190500,MSN
2022-09-09,26.29,26.43,24.65,26.36,8437000,MSN
2022-09-12,26.36,26.72,25.51,25.51,4541752,MSN
2022-09-13,25.61,25.86,24.97,25.43,4987967,MSN
2022-09-14,24.94,26.5,24.79,26.22,7098482,MSN
2022-09-15,26.22,26.36,25.68,25.68,3009322,MSN
2022-09-16,25.61,25.65,24.65,24.86,5048963,MSN
2022-09-19,24.83,24.83,23.15,23.15,7136565,MSN
2022-09-20,23.3,23.83,22.37,23.65,7332115,MSN
2022-09-21,23.37,23.69,23.01,23.15,2831503,MSN
2022-09-22,22.87,24.08,22.87,24.01,6449443,MSN
2022-09-23,23.97,24.12,23.23,23.23,3677122,MSN
2022-09-26,22.44,22.76,21.62,21.87,8035003,MSN
2022-09-27,22.09,22.62,21.73,21.94,3787848,MSN
2022-09-28,21.8,22.48,21.8,21.94,5345129,MSN
2022-09-29,22.44,22.48,20.52,20.52,4747806,MSN
2022-09-30,20.3,21.12,19.24,20.95,6731099,MSN
2022-10-03,20.66,20.7,19.49,19.49,5692608,MSN
2022-10-04,19.81,19.95,18.24,18.24,5298370,MSN
2022-10-05,18.81,19.49,18.52,19.49,4737002,MSN
2022-10-06,19.31,19.59,18.13,18.13,4574812,MSN
2022-10-07,17.45,17.95,16.88,17.31,7876145,MSN
2022-10-10,17.31,18.52,17.31,18.52,7600507,MSN
2022-10-11,18.52,18.84,17.24,17.53,6960225,MSN
2022-10-12,17.88,18.74,17.63,18.74,6008851,MSN
2022-10-13,18.59,19.09,18.49,19.09,5025770,MSN
2022-10-14,19.66,20.09,19.45,19.66,7644791,MSN
2022-10-17,19.34,20.27,18.95,20.27,7778589,MSN
2022-10-18,20.66,20.66,19.73,19.84,6952948,MSN
2022-10-19,19.91,20.13,19.7,19.73,4351032,MSN
2022-10-20,19.63,19.84,19.16,19.24,5044339,MSN
2022-10-21,19.27,19.34,17.92,17.92,8348169,MSN
2022-10-24,17.81,18.1,16.67,16.67,8287970,MSN
2022-10-25,17.03,17.81,15.67,16.88,7603486,MSN
2022-10-26,17.35,17.38,16.31,16.31,3312840,MSN
2022-10-27,16.74,17.45,16.35,17.45,5605149,MSN
2022-10-28,17.99,18.31,17.74,17.74,7334999,MSN
2022-10-31,17.74,18.77,17.31,18.67,10629056,MSN
2022-11-01,19.02,19.38,18.81,18.84,6011951,MSN
2022-11-02,18.88,19.16,18.52,18.59,6101632,MSN
2022-11-03,18.31,19.38,18.24,19.16,7705510,MSN
2022-11-04,18.88,19.09,17.85,17.85,10838740,MSN
2022-11-07,17.88,18.1,16.6,16.6,9201916,MSN
2022-11-08,15.89,17.28,15.82,17.24,7425537,MSN
2022-11-09,17.45,17.81,16.6,16.74,5153306,MSN
2022-11-10,16.39,16.56,15.6,15.6,4954443,MSN
2022-11-11,16.03,16.1,14.53,14.53,12099781,MSN
2022-11-14,13.61,14.0,13.54,13.54,4141521,MSN
2022-11-15,12.61,12.79,12.61,12.61,2873808,MSN
2022-11-16,11.76,13.47,11.76,13.47,17154810,MSN
2022-11-17,13.68,14.18,13.43,13.89,7311035,MSN
2022-11-18,13.71,14.43,12.93,13.82,10259638,MSN
2022-11-21,13.96,14.07,13.25,13.47,6193503,MSN
2022-11-22,13.22,14.39,13.22,14.39,12590624,MSN
2022-11-23,14.11,14.93,13.68,13.68,4952351,MSN
2022-11-24,13.61,14.04,12.9,13.89,5551973,MSN
2022-11-25,14.25,14.85,13.86,14.85,8662487,MSN
2022-11-28,15.57,15.89,15.46,15.89,6649913,MSN
2022-11-29,16.31,16.99,15.78,16.53,15162267,MSN
2022-11-30,16.39,17.67,16.1,17.49,9105477,MSN
2022-12-01,17.81,18.38,16.64,16.78,10523656,MSN
2022-12-02,16.74,17.92,16.42,17.92,8928680,MSN
2022-12-05,18.67,19.16,18.35,19.16,11377089,MSN
2022-12-06,18.81,19.24,17.85,17.85,15398162,MSN
2022-12-07,17.81,18.45,16.99,18.13,8551215,MSN
2022-12-08,18.67,19.38,18.56,19.38,11230368,MSN
2022-12-09,19.45,19.59,18.67,18.95,7898140,MSN
2022-12-12,18.95,19.63,17.63,17.63,13135184,MSN
2022-12-13,17.81,18.84,17.28,18.84,7896687,MSN
2022-12-14,19.24,19.45,18.67,18.77,5793948,MSN
2022-12-15,18.77,19.45,18.63,19.31,6997928,MSN
2022-12-16,19.16,19.91,19.02,19.88,9345724,MSN
2022-12-19,19.95,20.87,19.24,19.24,9599330,MSN
2022-12-20,19.24,19.45,18.02,18.45,10274652,MSN
2022-12-21,19.09,19.09,17.17,18.17,10297426,MSN
2022-12-22,18.35,18.59,17.45,18.38,4108767,MSN
2022-12-23,18.38,18.38,17.6,17.6,3371560,MSN
2022-12-26,17.78,17.78,16.39,16.39,6101118,MSN
2022-12-27,16.53,17.52,16.24,17.52,4717507,MSN
2022-12-28,17.63,18.15,17.41,17.82,3673019,MSN
2022-12-29,17.56,17.78,17.16,17.16,2567231,MSN
2022-12-30,17.3,17.52,17.08,17.08,2313517,MSN
2023-01-03,17.08,18.26,17.08,18.26,4585774,MSN
2023-01-04,18.59,18.81,18.3,18.52,4711577,MSN
2023-01-05,18.55,19.25,18.41,19.18,6056174,MSN
2023-01-06,19.25,19.55,18.74,18.81,5137196,MSN
2023-01-09,19.07,19.29,18.81,18.99,5045278,MSN
2023-01-10,18.99,19.47,18.48,19.32,4209223,MSN
2023-01-11,19.69,20.35,19.36,20.1,8072280,MSN
2023-01-12,20.21,20.21,19.58,19.73,4673649,MSN
2023-01-13,20.06,20.76,20.06,20.39,7798802,MSN
2023-01-16,20.54,21.09,20.1,20.68,4623727,MSN
2023-01-17,20.94,21.97,20.83,21.97,5098701,MSN
2023-01-18,21.75,22.04,21.38,21.82,9781552,MSN
2023-01-19,21.53,22.63,21.53,22.04,3834180,MSN
2023-01-27,22.26,22.48,21.64,21.71,5003131,MSN
2023-01-30,21.53,22.19,21.31,21.53,8906137,MSN
2023-01-31,21.53,21.97,21.05,21.97,6236764,MSN
2023-02-01,22.08,22.37,20.46,20.46,9830878,MSN
2023-02-02,20.5,20.72,19.88,20.21,4799100,MSN
2023-02-03,20.35,20.68,19.8,19.99,3438161,MSN
2023-02-06,19.99,20.06,19.47,20.02,4034302,MSN
2023-02-07,20.24,20.9,19.84,19.99,5812423,MSN
2023-02-08,20.24,20.87,19.66,20.57,4738075,MSN
2023-02-09,20.57,20.79,19.99,19.99,3611798,MSN
2023-02-10,19.99,20.39,19.55,19.55,5448529,MSN
2023-02-13,19.18,19.47,18.19,18.37,7918676,MSN
2023-02-14,18.59,19.07,18.44,18.63,2434179,MSN
2023-02-15,18.7,19.32,18.59,19.18,3665264,MSN
2023-02-16,19.47,19.84,19.21,19.84,4417702,MSN
2023-02-17,19.84,19.91,19.47,19.8,3790042,MSN
2023-02-20,19.84,21.16,19.84,21.16,6507957,MSN
2023-02-21,21.31,21.38,20.87,20.87,5390818,MSN
2023-02-22,20.46,21.05,19.84,19.84,7461919,MSN
2023-02-23,19.84,20.43,19.21,20.43,5034173,MSN
2023-02-24,20.43,20.46,19.32,19.4,3294049,MSN
2023-02-27,18.96,19.18,18.52,18.52,3598433,MSN
2023-02-28,18.96,19.1,18.66,18.88,2530224,MSN
2023-03-01,18.74,20.1,18.66,20.1,4991438,MSN
2023-03-02,20.06,20.17,19.55,19.77,1986642,MSN
2023-03-03,19.8,19.88,18.96,18.96,3889340,MSN
2023-03-06,19.43,19.8,19.1,19.14,2398896,MSN
2023-03-07,19.32,19.91,19.32,19.77,3598859,MSN
2023-03-08,19.47,20.65,19.43,20.65,5817172,MSN
2023-03-09,20.79,20.9,20.43,20.57,4768703,MSN
2023-03-10,20.35,20.65,20.1,20.46,4747761,MSN
2023-03-13,20.24,20.98,20.06,20.87,6734054,MSN
2023-03-14,20.87,20.87,19.99,20.06,6447306,MSN
2023-03-15,20.87,21.46,20.68,21.46,8409392,MSN
2023-03-16,21.53,21.9,21.35,21.38,10451460,MSN
2023-03-17,21.86,21.86,21.12,21.64,9955549,MSN
2023-03-20,21.46,21.68,20.5,20.57,7392061,MSN
2023-03-21,20.94,21.53,20.65,21.53,6194239,MSN
2023-03-22,21.64,22.3,21.57,21.64,7490360,MSN
2023-03-23,21.49,23.07,21.38,23.07,11239194,MSN
2023-03-24,23.15,23.37,22.78,22.81,6359843,MSN
2023-03-27,23.04,23.88,23.04,23.51,7185554,MSN
2023-03-28,23.59,23.73,23.22,23.29,7686319,MSN
2023-03-29,23.33,24.1,23.33,24.1,6232322,MSN
2023-03-30,24.36,24.62,23.59,23.59,6209874,MSN
2023-03-31,23.15,23.88,22.85,23.59,12492675,MSN
2023-04-03,24.1,24.1,23.77,23.99,5513912,MSN
2023-04-04,23.99,24.69,23.73,24.47,8345133,MSN
2023-04-05,24.25,24.43,23.88,24.32,4621621,MSN
2023-04-06,24.32,24.62,23.51,23.51,8040466,MSN
2023-04-07,23.51,24.39,23.37,24.21,6091788,MSN
2023-04-10,24.54,24.58,23.51,23.55,6184762,MSN
2023-04-11,23.59,24.32,23.44,24.32,6912646,MSN
2023-04-12,24.39,24.39,23.84,23.92,3789443,MSN
2023-04-13,23.92,23.95,23.29,23.29,7137848,MSN
2023-04-14,23.48,23.7,22.63,22.63,5917735,MSN
2023-04-17,22.63,23.15,22.37,22.89,3218722,MSN
2023-04-18,22.93,23.66,22.67,23.66,5322681,MSN
2023-04-19,23.66,23.88,22.89,23.11,3703628,MSN
2023-04-20,23.11,23.33,22.67,23.0,2604772,MSN
2023-04-21,23.07,23.81,22.93,23.22,5287682,MSN
2023-04-24,23.18,23.44,22.63,22.89,1711783,MSN
2023-04-25,23.22,23.22,21.71,22.04,6212971,MSN
2023-04-26,22.34,22.89,22.04,22.85,3234160,MSN
2023-04-27,22.93,23.07,22.48,22.67,2784183,MSN
2023-04-28,22.93,23.48,22.78,23.37,5279459,MSN
2023-05-04,23.07,24.17,23.07,23.88,7097777,MSN
2023-05-05,23.88,23.99,23.37,23.44,3857291,MSN
2023-05-08,23.73,24.32,23.59,24.06,5541760,MSN
2023-05-09,24.21,24.21,23.88,24.03,3156049,MSN
2023-05-10,24.25,24.47,23.95,23.99,4675175,MSN
2023-05-11,24.1,24.25,23.73,23.81,5042431,MSN
2023-05-12,23.81,24.32,23.55,24.28,6185452,MSN
2023-05-15,24.69,24.73,24.1,24.13,3485228,MSN
2023-05-16,24.13,24.54,24.06,24.17,3714955,MSN
2023-05-17,24.25,24.51,24.02,24.02,5917388,MSN
2023-05-18,24.17,25.7,23.99,25.29,12339393,MSN
2023-05-19,25.29,25.66,24.81,25.33,4570724,MSN
2023-05-22,25.37,25.66,25.18,25.51,3612239,MSN
2023-05-23,25.63,25.92,25.22,25.25,5624251,MSN
2023-05-24,25.51,25.89,25.22,25.37,5065142,MSN
2023-05-25,25.22,25.51,24.99,25.37,3609225,MSN
2023-05-26,25.44,25.66,25.29,25.37,2610839,MSN
2023-05-29,25.66,26.41,25.37,26.11,4157799,MSN
2023-05-30,26.11,26.41,25.74,26.11,4357787,MSN
2023-05-31,25.89,26.26,25.51,25.81,3902903,MSN
2023-06-01,25.81,26.04,25.44,26.0,3681564,MSN
2023-06-02,26.19,26.78,26.11,26.11,5178296,MSN
2023-06-05,26.3,26.37,25.55,25.63,4631307,MSN
2023-06-06,25.66,26.37,25.44,26.26,5405765,MSN
2023-06-07,26.48,26.56,26.11,26.3,3849982,MSN
2023-06-08,26.3,26.41,25.37,25.37,5575336,MSN
2023-06-09,25.48,25.96,24.81,25.96,6008659,MSN
2023-06-12,26.04,26.04,25.18,25.89,3321475,MSN
2023-06-13,26.07,26.07,25.51,25.59,4330631,MSN
2023-06-14,25.74,26.19,25.55,25.55,5104563,MSN
2023-06-15,25.59,25.85,25.4,25.63,2306937,MSN
2023-06-16,26.0,27.38,25.81,26.19,15114762,MSN
2023-06-19,26.41,27.45,26.26,27.34,8009669,MSN
2023-06-20,27.45,27.6,26.86,27.6,4686109,MSN
2023-06-21,27.68,28.61,27.64,28.13,6000640,MSN
2023-06-22,28.31,28.31,27.68,27.9,4623054,MSN
2023-06-23,27.94,28.13,27.49,27.98,5065633,MSN
2023-06-26,27.98,28.2,26.86,27.98,5360192,MSN
2023-06-27,28.27,28.27,27.83,28.01,3578563,MSN
2023-06-28,28.2,28.57,27.98,28.35,3920526,MSN
2023-06-29,28.35,28.35,27.08,27.08,5030033,MSN
2023-06-30,27.16,27.79,27.08,27.31,4509978,MSN
2023-07-03,27.49,27.9,27.34,27.72,3264852,MSN
2023-07-04,27.75,29.66,27.6,29.66,10565913,MSN
2023-07-05,29.69,29.73,29.13,29.28,4267498,MSN
2023-07-06,29.39,30.44,29.28,29.99,9896182,MSN
2023-07-07,29.99,30.48,29.47,30.44,4066592,MSN
2023-07-10,30.44,31.22,30.44,31.11,5772865,MSN
2023-07-11,31.04,31.15,30.55,30.89,5998490,MSN
2023-07-12,31.04,31.86,30.89,30.89,4474712,MSN
2023-07-13,31.22,31.48,30.96,31.15,2104157,MSN
2023-07-14,31.33,31.89,30.63,31.89,5059260,MSN
2023-07-17,32.08,32.08,31.52,31.56,2650850,MSN
2023-07-18,31.41,31.71,31.04,31.26,2593502,MSN
2023-07-19,31.26,32.23,31.11,31.56,3843580,MSN
2023-07-20,31.56,31.63,30.63,31.33,4913934,MSN
2023-07-21,31.0,31.97,30.81,31.71,5478906,MSN
2023-07-24,32.08,32.19,31.45,31.52,3896345,MSN
2023-07-25,31.52,32.42,31.52,32.08,5427886,MSN
2023-07-26,31.93,32.53,31.86,32.12,3196342,MSN
2023-07-27,32.08,32.49,31.56,31.86,4348411,MSN
2023-07-28,31.82,32.79,31.78,32.3,4094080,MSN
2023-07-31,32.3,32.75,31.89,32.45,3805884,MSN
2023-08-01,32.6,32.6,31.48,31.48,4259596,MSN
2023-08-02,31.37,31.97,31.37,31.78,2403849,MSN
2023-08-03,31.86,32.45,31.82,31.86,2935349,MSN
2023-08-04,31.86,33.24,31.86,33.24,4453808,MSN
2023-08-07,33.46,33.5,33.12,33.42,3009972,MSN
2023-08-08,33.57,33.57,32.6,32.9,3088543,MSN
2023-08-09,32.53,32.98,32.3,32.45,3411063,MSN
2023-08-10,32.38,32.45,31.63,31.71,4751108,MSN
2023-08-11,31.71,31.97,31.15,31.41,6125115,MSN
2023-08-14,31.78,33.16,31.41,32.6,7716593,MSN
2023-08-15,32.6,32.64,32.12,32.19,2736248,MSN
2023-08-16,32.19,32.56,31.71,32.08,3811962,MSN
2023-08-17,32.3,33.16,32.23,32.23,6720024,MSN
2023-08-18,32.01,32.34,29.99,29.99,7423547,MSN
2023-08-21,30.59,30.59,29.84,30.14,6752304,MSN
2023-08-22,30.21,31.71,29.17,31.71,7481387,MSN
2023-08-23,31.97,31.97,31.11,31.33,2845719,MSN
2023-08-24,31.33,32.38,31.18,32.34,4993208,MSN
2023-08-25,32.34,33.01,32.15,32.53,5986045,MSN
2023-08-28,32.83,33.16,32.6,32.83,4134550,MSN
2023-08-29,33.12,33.87,32.6,33.8,6865376,MSN
2023-08-30,33.87,35.06,33.5,34.99,5008260,MSN
2023-08-31,34.88,35.21,34.69,35.14,3798409,MSN
2023-09-05,35.06,35.1,34.58,34.69,7430429,MSN
2023-09-06,34.62,35.88,34.32,35.44,4730548,MSN
2023-09-07,35.66,35.66,34.8,34.84,3981969,MSN
2023-09-08,34.62,35.21,34.54,34.99,2812277,MSN
2023-09-11,35.44,36.48,35.06,35.44,7658004,MSN
2023-09-12,35.59,37.68,35.44,37.68,6370521,MSN
2023-09-13,37.82,37.82,36.41,36.78,4793375,MSN
2023-09-14,36.85,36.85,35.66,36.11,6312273,MSN
2023-09-15,36.18,36.44,35.4,35.59,4210483,MSN
2023-09-18,35.18,36.03,34.8,35.59,3553732,MSN
2023-09-19,35.59,36.0,34.8,35.44,3810358,MSN
2023-09-20,35.74,37.15,35.44,37.15,6188481,MSN
2023-09-21,36.93,37.04,35.06,35.06,6373369,MSN
2023-09-22,33.98,34.13,32.64,32.68,10864540,MSN
2023-09-25,32.49,33.09,30.4,30.4,6684927,MSN
2023-09-26,30.4,32.3,30.07,30.4,8020369,MSN
2023-09-27,31.33,32.08,29.84,32.08,7477565,MSN
2023-09-28,31.71,32.04,31.0,31.41,4682303,MSN
2023-09-29,31.93,31.93,30.36,30.77,6087503,MSN
2023-10-02,31.11,31.63,30.74,31.18,3014990,MSN
2023-10-03,30.74,30.96,29.02,29.02,9285436,MSN
2023-10-04,28.05,30.7,27.98,29.77,6974353,MSN
2023-10-05,29.84,30.21,28.27,28.27,4637428,MSN
2023-10-06,28.27,29.28,27.42,29.1,6301458,MSN
2023-10-09,29.17,30.21,28.8,30.21,3907893,MSN
2023-10-10,30.55,31.15,29.84,29.84,5958459,MSN
2023-10-11,30.21,31.3,29.77,31.3,4912607,MSN
2023-10-12,31.33,32.01,31.26,31.67,6557163,MSN
2023-10-13,31.18,31.71,30.4,31.63,6041157,MSN
2023-10-16,31.33,31.48,30.44,30.51,5076143,MSN
2023-10-17,30.74,31.11,28.39,28.39,3866356,MSN
2023-10-18,28.72,29.28,26.41,27.98,9097303,MSN
2023-10-19,27.9,28.2,26.04,26.04,7134663,MSN
2023-10-20,26.3,27.83,25.63,27.83,6491465,MSN
2023-10-23,27.9,27.98,26.71,26.86,4767116,MSN
2023-10-24,27.31,27.49,26.78,27.49,4345258,MSN
2023-10-25,27.53,28.13,27.01,27.19,3794620,MSN
2023-10-26,26.34,26.45,25.29,25.37,12776175,MSN
2023-10-27,25.85,26.75,25.37,26.56,8383567,MSN
2023-10-30,26.19,27.16,26.04,26.15,5229634,MSN
2023-10-31,26.37,26.41,24.32,24.32,7251242,MSN
2023-11-01,24.47,25.96,24.25,25.96,8332882,MSN
2023-11-02,26.41,27.75,26.22,27.75,8886488,MSN
2023-11-03,27.98,28.72,27.79,27.98,9390482,MSN
2023-11-06,28.5,28.87,28.05,28.87,7281302,MSN
2023-11-07,28.72,29.24,28.27,28.42,7535449,MSN
2023-11-08,28.35,30.4,28.24,30.4,10005722,MSN
2023-11-09,30.59,31.18,30.21,30.21,11080806,MSN
2023-11-10,29.69,31.15,29.66,29.73,10119524,MSN
2023-11-13,29.88,30.21,29.1,30.21,6243969,MSN
2023-11-14,31.04,31.07,29.92,30.21,6118431,MSN
2023-11-15,31.11,31.52,30.25,30.59,7985117,MSN
2023-11-16,30.51,30.96,30.21,30.96,4523585,MSN
2023-11-17,31.04,31.18,29.77,30.07,9495499,MSN
2023-11-20,29.54,31.04,29.54,30.77,6642826,MSN
2023-11-21,31.07,31.52,30.81,31.37,7524997,MSN
2023-11-22,31.37,32.53,31.37,32.53,11030533,MSN
2023-11-23,32.75,32.75,30.25,30.25,8063316,MSN
2023-11-24,30.51,31.33,29.47,31.33,8786946,MSN
2023-11-27,31.18,31.33,30.21,30.21,4356296,MSN
2023-11-28,30.21,30.51,29.43,30.33,6660763,MSN
2023-11-29,30.55,31.48,30.55,31.22,6364279,MSN
2023-11-30,31.22,31.71,30.96,30.96,6096405,MSN
2023-12-01,31.26,31.67,30.44,31.56,6036677,MSN
2023-12-04,32.3,33.39,32.08,32.75,10817673,MSN
2023-12-05,32.75,32.83,32.34,32.53,6774013,MSN
2023-12-06,32.56,32.9,32.34,32.83,5514946,MSN
2023-12-07,32.6,32.83,31.0,31.71,14875804,MSN
2023-12-08,31.71,31.86,30.96,31.18,4739061,MSN
2023-12-11,31.18,31.71,30.66,31.63,4640122,MSN
2023-12-12,31.78,31.78,31.18,31.3,2585395,MSN
2023-12-13,31.56,31.67,30.48,30.51,5250501,MSN
2023-12-14,30.77,30.96,30.21,30.21,5330377,MSN
2023-12-15,30.29,31.0,30.21,30.21,4712947,MSN
2023-12-18,30.55,30.92,30.29,30.55,3033208,MSN
2023-12-19,30.55,30.89,30.21,30.85,3599718,MSN
2023-12-20,31.04,31.26,30.7,30.96,3232787,MSN
2023-12-21,30.85,30.96,30.63,30.89,2186131,MSN
2023-12-22,31.04,31.3,30.29,30.59,3455288,MSN
2023-12-25,30.66,31.04,30.29,30.77,2969991,MSN
2023-12-26,31.04,31.45,30.85,31.33,5329908,MSN
2023-12-27,31.56,31.86,31.37,31.37,4798443,MSN
2023-12-28,31.59,32.08,31.33,31.86,6585957,MSN
2023-12-29,31.93,32.01,31.71,31.89,3834141,MSN
2024-01-02,32.08,32.08,31.37,31.56,7175876,MSN
2024-01-03,31.48,31.86,31.18,31.86,3332592,MSN
2024-01-04,31.93,32.56,31.67,31.67,9110211,MSN
2024-01-05,31.78,31.86,31.45,31.71,3825239,MSN
2024-01-08,31.89,32.3,31.82,31.86,4107758,MSN
2024-01-09,32.08,32.23,31.71,31.86,4475885,MSN
2024-01-10,31.82,31.86,31.11,31.18,7149862,MSN
2024-01-11,31.3,31.78,31.18,31.59,5938918,MSN
2024-01-12,31.33,31.74,31.15,31.33,4645195,MSN
2024-01-15,31.52,31.59,30.59,30.59,4165130,MSN
2024-01-16,30.59,31.11,30.44,31.11,3032684,MSN
2024-01-17,31.18,32.23,31.15,31.33,5978287,MSN
2024-01-18,31.52,31.89,31.37,31.41,2496285,MSN
2024-01-19,31.78,31.82,31.33,31.48,3368777,MSN
2024-01-22,31.78,31.78,31.11,31.56,3710385,MSN
2024-01-23,31.56,31.86,31.45,31.67,4224323,MSN
2024-01-24,31.67,32.23,31.63,31.89,7703264,MSN
2024-01-25,32.01,32.01,31.63,31.78,2120426,MSN
2024-01-26,31.74,32.01,31.71,31.71,2959324,MSN
2024-01-29,31.89,31.93,31.33,31.37,3372876,MSN
2024-01-30,31.37,31.52,31.11,31.37,3707759,MSN
2024-01-31,31.56,32.53,31.48,32.01,11022071,MSN
2024-02-01,32.08,32.27,31.93,32.27,5200968,MSN
2024-02-02,32.6,33.01,32.56,32.64,9591553,MSN
2024-02-05,32.83,32.98,32.53,32.75,5832826,MSN
2024-02-06,32.94,33.91,32.86,33.42,7012133,MSN
2024-02-07,33.57,33.91,33.39,33.65,4952803,MSN
2024-02-15,33.65,34.06,33.57,33.68,7330275,MSN
2024-02-16,33.72,33.91,33.42,33.57,5960700,MSN
2024-02-19,33.57,33.65,32.9,33.57,8328904,MSN
2024-02-20,33.83,34.28,33.5,33.57,6308059,MSN
2024-02-21,33.57,33.61,33.12,33.42,4971652,MSN
2024-02-22,33.2,33.42,32.98,33.01,4366272,MSN
2024-02-23,33.05,33.46,32.49,32.49,7788275,MSN
2024-02-26,32.45,33.87,32.3,33.72,7436847,MSN
2024-02-27,33.72,34.32,33.57,33.91,6492952,MSN
2024-02-28,34.02,34.02,33.46,33.68,5345576,MSN
2024-02-29,33.94,34.58,33.76,34.02,9426881,MSN
2024-03-01,34.39,35.55,34.32,34.95,8595104,MSN
2024-03-04,35.44,35.44,34.84,34.95,4884299,MSN
2024-03-05,34.95,35.66,34.47,35.66,10168897,MSN
2024-03-06,35.74,36.63,35.06,35.44,9163430,MSN
2024-03-07,35.4,37.53,35.4,36.71,15317416,MSN
2024-03-08,37.08,37.08,35.7,35.7,10129721,MSN
2024-03-11,35.7,36.29,35.44,35.55,8026447,MSN
2024-03-12,35.81,36.22,35.51,36.03,7384958,MSN
2024-03-13,36.33,38.5,36.07,38.5,13480699,MSN
2024-03-14,38.87,40.14,38.35,38.94,10363706,MSN
2024-03-15,39.02,41.03,38.42,40.06,10210816,MSN
2024-03-18,39.84,40.36,37.26,38.57,21566784,MSN
2024-03-19,38.94,39.17,37.82,37.82,5307158,MSN
2024-03-20,38.05,39.84,37.75,39.69,9869492,MSN
2024-03-21,40.51,41.18,39.69,40.29,8242065,MSN
2024-03-22,40.29,41.03,39.84,40.06,9075746,MSN
2024-03-25,40.06,40.29,38.72,38.79,8207029,MSN
2024-03-26,38.79,39.69,38.42,39.69,4699741,MSN
2024-03-27,39.91,39.91,39.09,39.39,4597968,MSN
2024-03-28,39.91,41.03,39.54,40.06,9005154,MSN
2024-03-29,40.14,40.66,39.84,40.14,3794692,MSN
2024-04-01,39.84,40.58,39.24,39.99,8171396,MSN
2024-04-02,39.54,39.99,38.79,39.99,12120018,MSN
2024-04-03,39.99,40.58,38.87,38.87,8058975,MSN
2024-04-04,38.79,39.39,38.57,38.79,5632395,MSN
2024-04-05,38.42,38.5,37.08,37.08,7672788,MSN
2024-04-08,37.12,37.9,36.78,37.08,7057501,MSN
2024-04-09,37.3,38.5,37.26,38.5,4963622,MSN
2024-04-10,38.57,38.57,37.82,37.9,2763752,MSN
2024-04-11,37.08,38.35,37.08,38.05,4485019,MSN
2024-04-12,38.57,38.94,37.97,38.87,4886086,MSN
2024-04-15,38.57,39.09,36.18,36.18,9038656,MSN
2024-04-16,36.18,36.18,34.62,35.66,9117442,MSN
2024-04-17,36.11,36.11,33.65,33.65,6901826,MSN
2024-04-19,33.2,35.14,33.2,33.57,10388104,MSN
2024-04-22,34.69,35.81,34.32,35.25,5628684,MSN
2024-04-23,35.06,35.29,33.57,33.98,6491108,MSN
2024-04-24,34.58,35.77,34.47,35.44,8142793,MSN
2024-04-25,35.36,35.44,34.91,35.06,3724243,MSN
2024-04-26,34.69,35.36,34.36,35.06,4848284,MSN
2024-05-02,35.06,35.1,34.09,34.58,4283101,MSN
2024-05-03,35.06,35.51,34.77,34.84,4296361,MSN
2024-05-06,35.33,36.52,35.18,36.18,5343123,MSN
2024-05-07,36.33,36.33,35.62,35.81,4332674,MSN
2024-05-08,35.36,36.52,35.36,36.18,5318589,MSN
2024-05-09,36.22,36.41,35.44,35.81,5623446,MSN
2024-05-10,35.81,35.96,35.29,35.62,4185228,MSN
2024-05-13,35.85,36.22,35.47,35.74,3940825,MSN
2024-05-14,35.81,36.07,35.51,35.55,3255069,MSN
2024-05-15,35.59,36.71,35.59,36.22,7973122,MSN
2024-05-16,36.78,36.82,36.33,36.37,4262256,MSN
2024-05-17,36.44,37.15,36.29,36.71,5005674,MSN
2024-05-20,37.0,37.9,36.82,37.45,9168130,MSN
2024-05-21,37.45,37.9,37.0,37.9,5081647,MSN
2024-05-22,38.05,38.64,37.23,37.3,8230150,MSN
2024-05-23,37.15,37.38,35.88,37.3,6340779,MSN
2024-05-24,36.93,37.3,35.06,35.77,9858803,MSN
2024-05-27,35.77,36.15,35.36,35.47,4767344,MSN
2024-05-28,35.66,36.52,35.66,36.41,6300221,MSN
2024-05-29,36.41,36.71,35.59,36.26,3827198,MSN
2024-05-30,35.66,35.96,34.99,35.59,5532643,MSN
2024-05-31,35.66,36.0,35.44,35.44,2739686,MSN
2024-06-03,35.88,36.37,35.81,36.18,4023940,MSN
2024-06-04,36.26,36.85,36.18,36.63,3809449,MSN
2024-06-05,36.67,37.08,36.37,36.37,4280056,MSN
2024-06-06,36.52,36.67,35.81,36.03,3806880,MSN
2024-06-07,36.33,36.59,35.96,36.07,2581997,MSN
2024-06-10,36.26,36.71,36.18,36.26,3795866,MSN
2024-06-11,36.37,38.05,36.22,38.05,13005397,MSN
2024-06-12,38.05,38.42,37.68,38.2,4319757,MSN
2024-06-13,38.42,38.42,37.82,37.82,5383606,MSN
2024-06-14,38.05,38.5,36.56,36.56,9750767,MSN
2024-06-17,36.52,36.85,36.18,36.29,4002456,MSN
2024-06-18,36.56,36.85,36.26,36.26,3232447,MSN
2024-06-19,36.33,37.08,36.11,36.59,4871489,MSN
2024-06-20,36.59,36.85,36.03,36.33,3237713,MSN
2024-06-21,36.56,36.56,35.96,35.96,4413619,MSN
2024-06-24,35.59,35.96,33.94,33.94,11063613,MSN
2024-06-25,34.09,34.84,33.98,34.84,4328808,MSN
2024-06-26,34.77,34.84,33.94,34.54,2559491,MSN
2024-06-27,34.54,34.69,34.24,34.28,1806652,MSN
2024-06-28,34.28,35.14,34.24,34.39,3802088,MSN
2024-07-01,34.43,35.25,34.39,35.18,2759135,MSN
2024-07-02,35.18,35.55,35.06,35.18,1924969,MSN
2024-07-03,35.33,35.51,35.14,35.21,2181015,MSN
2024-07-04,35.25,35.74,35.03,35.29,1914724,MSN
2024-07-05,35.47,35.59,34.95,35.14,1934552,MSN
2024-07-08,35.29,35.66,35.1,35.21,1936946,MSN
2024-07-09,35.36,35.92,35.21,35.81,4240501,MSN
2024-07-10,35.81,35.81,35.21,35.21,2353652,MSN
2024-07-11,35.66,36.15,35.4,35.81,4747348,MSN
2024-07-12,35.96,36.11,35.51,35.74,2451537,MSN
2024-07-15,35.81,36.07,35.74,35.85,1791260,MSN
2024-07-16,35.85,36.18,35.7,35.74,3394903,MSN
2024-07-17,35.96,36.11,34.62,34.99,4294409,MSN
2024-07-18,35.03,35.55,34.69,35.55,2236636,MSN
2024-07-19,35.29,35.81,35.21,35.44,3059023,MSN
2024-07-22,35.74,36.07,35.18,35.33,4367812,MSN
2024-07-23,35.44,35.59,34.32,34.32,3377323,MSN
2024-07-24,34.17,34.36,32.75,33.42,6228530,MSN
2024-07-25,33.42,33.5,32.83,33.27,2235668,MSN
2024-07-26,33.31,33.61,33.27,33.61,1506602,MSN
2024-07-29,33.94,34.09,33.72,33.72,1268037,MSN
2024-07-30,33.68,33.91,33.2,33.2,1470814,MSN
2024-07-31,33.31,33.87,33.05,33.2,1530180,MSN
2024-08-01,33.46,33.46,31.33,31.41,5980112,MSN
2024-08-02,30.85,32.83,30.74,32.38,3361491,MSN
2024-08-05,31.56,32.12,30.44,30.44,5148984,MSN
2024-08-06,31.26,32.38,30.59,32.08,4594599,MSN
2024-08-07,32.23,32.68,31.71,32.53,1511549,MSN
2024-08-08,32.08,32.79,31.89,32.34,2314524,MSN
2024-08-09,32.56,33.87,32.34,33.8,5779083,MSN
2024-08-12,33.57,34.24,33.42,34.24,2460370,MSN
2024-08-13,34.28,34.28,33.27,34.17,3266241,MSN
2024-08-14,34.32,34.32,33.65,33.8,2362870,MSN
2024-08-15,33.87,34.06,33.19,33.38,1587610,MSN
2024-08-16,33.57,35.3,33.49,35.19,6643481,MSN
2024-08-19,35.38,35.38,34.74,34.81,2344701,MSN
2024-08-20,34.81,35.38,34.51,35.0,4658652,MSN
2024-08-21,34.77,35.56,34.77,35.45,3562212,MSN
2024-08-22,35.53,35.64,35.26,35.64,2953864,MSN
2024-08-23,35.64,36.13,35.19,35.75,3549123,MSN
2024-08-26,36.13,36.73,35.75,36.5,7161910,MSN
2024-08-27,36.13,36.65,35.98,36.17,3496473,MSN
2024-08-28,36.09,36.24,35.38,35.9,5982982,MSN
2024-08-29,35.98,36.17,34.77,34.85,9625431,MSN
2024-08-30,34.85,35.07,34.47,34.96,6324168,MSN
2024-09-04,34.55,34.89,34.4,34.55,3841070,MSN
2024-09-05,34.58,34.96,33.76,33.87,7443191,MSN
2024-09-06,33.79,34.25,33.49,34.25,3655435,MSN
2024-09-09,34.21,34.25,33.72,33.76,2501798,MSN
2024-09-10,33.98,34.02,33.27,33.27,4565552,MSN
2024-09-11,33.34,33.34,32.93,32.97,6399940,MSN
2024-09-12,33.71,34.25,32.68,32.68,6133538,MSN
2024-09-13,32.83,33.27,32.49,32.68,6401466,MSN
2024-09-16,32.98,32.98,31.8,31.8,5211457,MSN
2024-09-17,31.9,33.42,31.85,33.42,6257713,MSN
2024-09-18,33.46,34.2,33.37,33.76,9739414,MSN
2024-09-19,33.95,34.1,33.66,33.86,6423924,MSN
2024-09-20,34.25,34.3,33.61,33.76,7245718,MSN
2024-09-23,33.86,33.86,33.42,33.46,6686129,MSN
2024-09-24,33.51,33.76,33.27,33.76,5748881,MSN
2024-09-25,33.91,34.98,33.86,34.83,15818723,MSN
2024-09-26,34.93,35.52,34.74,35.37,12839409,MSN
2024-09-27,35.23,35.52,34.93,35.13,9824733,MSN
2024-09-30,35.08,36.35,34.93,35.91,11156143,MSN
2024-10-01,36.06,36.64,35.72,35.72,9566099,MSN
2024-10-02,35.52,36.06,35.47,35.62,8095217,MSN
2024-10-03,35.72,36.06,35.32,35.76,9082285,MSN
2024-10-04,35.76,35.96,35.42,35.47,5936459,MSN
2024-10-07,35.67,36.79,35.32,36.79,9270949,MSN
2024-10-08,37.09,37.57,36.45,36.5,13372186,MSN
2024-10-09,36.4,36.94,36.35,36.6,7246975,MSN
2024-10-10,37.09,37.09,35.62,35.62,11324849,MSN
2024-10-11,35.67,36.11,35.62,36.06,4114257,MSN
2024-10-14,36.2,36.55,35.91,35.91,4220111,MSN
2024-10-15,35.91,36.3,35.23,35.23,6790701,MSN
2024-10-16,35.03,35.32,34.88,34.98,4731528,MSN
2024-10-17,35.23,36.01,34.79,35.91,6921441,MSN
2024-10-18,35.81,36.01,35.32,35.32,8706334,MSN
2024-10-21,35.32,35.62,34.83,34.83,8352016,MSN
2024-10-22,34.83,35.18,34.25,34.69,8711215,MSN
2024-10-23,34.69,34.88,34.39,34.59,6169441,MSN
2024-10-24,34.79,34.98,33.76,33.76,9737046,MSN
2024-10-25,33.76,33.91,33.37,33.76,8169524,MSN
2024-10-28,34.0,34.35,33.86,33.91,4314720,MSN
2024-10-29,34.15,34.2,33.81,33.91,5385060,MSN
2024-10-30,33.91,34.05,33.51,33.61,4445853,MSN
2024-10-31,33.61,34.2,33.56,33.91,6898834,MSN
2024-11-01,33.81,33.95,33.07,33.17,8180793,MSN
2024-11-04,33.17,34.1,32.88,33.66,7333677,MSN
2024-11-05,33.86,33.91,33.37,33.37,3679974,MSN
2024-11-06,33.71,34.2,33.61,34.2,6929572,MSN
2024-11-07,34.39,34.39,33.91,33.91,5610296,MSN
2024-11-08,34.05,34.2,33.71,33.76,5821666,MSN
2024-11-11,33.71,33.95,33.37,33.91,6808874,MSN
2024-11-12,34.15,34.83,33.95,34.0,11472315,MSN
2024-11-13,33.91,34.3,33.42,33.86,6303024,MSN
2024-11-14,33.81,34.0,32.09,32.24,12279535,MSN
2024-11-15,32.09,32.68,31.36,31.61,10878268,MSN
2024-11-18,31.61,32.73,31.61,32.29,6119445,MSN
2024-11-19,32.39,32.44,31.51,31.56,3847439,MSN
2024-11-20,31.61,32.63,31.51,32.0,6172887,MSN
2024-11-21,32.0,32.49,31.95,32.49,2791739,MSN
2024-11-22,32.49,32.78,32.19,32.29,5120258,MSN
2024-11-25,32.29,32.78,32.05,32.78,4905341,MSN
2024-11-26,32.83,33.22,32.68,32.83,4560280,MSN
2024-11-27,32.78,32.93,32.49,32.63,2246377,MSN
2024-11-28,33.07,33.07,32.34,32.34,2519076,MSN
2024-11-29,32.34,32.63,32.14,32.39,3335241,MSN
2024-12-02,32.88,32.88,32.39,32.44,2531758,MSN
2024-12-03,32.34,32.54,32.24,32.29,3288263,MSN
2024-12-04,32.24,32.24,31.7,31.8,5063796,MSN
2024-12-05,31.8,34.0,31.41,34.0,15139799,MSN
2024-12-06,34.1,34.49,33.71,34.05,7672124,MSN
2024-12-09,34.05,34.2,33.81,34.1,5085996,MSN
2024-12-10,34.05,34.15,33.76,33.86,3818600,MSN
2024-12-11,33.81,34.15,33.46,33.76,3783559,MSN
2024-12-12,33.81,34.15,33.66,33.71,4057817,MSN
2024-12-13,33.37,33.71,33.22,33.46,3448363,MSN
2024-12-16,33.46,33.86,33.27,33.86,2597093,MSN
2024-12-17,33.91,34.0,33.66,33.66,2478949,MSN
2024-12-18,33.66,33.76,33.42,33.71,2203003,MSN
2024-12-19,33.27,33.66,32.88,33.66,7245369,MSN
2024-12-20,33.37,33.46,33.17,33.42,3728365,MSN
2024-12-23,33.61,33.61,33.37,33.56,1794869,MSN
2024-12-24,33.56,33.56,32.83,32.98,3831116,MSN
2024-12-25,33.02,33.95,33.02,33.37,5103297,MSN
2024-12-26,33.37,33.46,33.07,33.07,2560382,MSN
2024-12-27,33.17,33.27,32.98,33.02,4347867,MSN
2024-12-30,33.17,33.46,32.88,32.88,2519133,MSN
2024-12-31,32.93,33.02,32.49,32.49,2868971,MSN
2025-01-02,32.54,32.98,32.49,32.88,3358136,MSN
2025-01-03,32.83,32.88,32.09,32.09,4667371,MSN
2025-01-06,32.14,32.34,31.41,31.61,4543715,MSN
2025-01-07,31.8,31.85,31.07,31.12,5079540,MSN
2025-01-08,30.87,31.9,30.87,31.46,3418529,MSN
2025-01-09,31.46,31.7,31.12,31.12,1957685,MSN
2025-01-10,31.21,31.56,30.82,30.82,4451367,MSN
2025-01-13,30.53,31.46,30.28,31.46,4426891,MSN
2025-01-14,31.31,31.51,31.17,31.17,2136638,MSN
2025-01-15,31.21,31.65,31.21,31.36,3140474,MSN
2025-01-16,31.51,32.54,31.51,31.7,4630969,MSN
2025-01-17,31.61,32.0,31.61,31.75,2041567,MSN
2025-01-20,31.8,32.09,31.51,31.56,2217140,MSN
2025-01-21,31.56,32.44,31.56,32.05,5348983,MSN
2025-01-22,32.34,32.34,32.0,32.0,3052844,MSN
2025-01-23,32.24,34.15,32.09,33.76,12534499,MSN
2025-01-24,33.71,33.76,33.32,33.66,4071193,MSN
2025-02-03,33.56,34.3,33.07,33.95,10738350,MSN
2025-02-04,34.3,34.44,33.86,34.05,7286274,MSN
2025-02-05,34.25,34.25,33.71,33.95,6850555,MSN
2025-02-06,34.1,34.64,33.81,33.81,8266831,MSN
2025-02-07,33.81,34.0,33.56,33.9,4655289,MSN
2025-02-10,33.61,34.59,33.51,34.1,14438626,MSN
2025-02-11,34.25,34.5,34.0,34.1,6774455,MSN
2025-02-12,34.2,34.64,34.1,34.1,6597223,MSN
2025-02-13,34.1,34.4,33.81,34.4,4316232,MSN
2025-02-14,34.99,35.33,34.74,34.84,12893355,MSN
2025-02-17,34.94,35.38,34.69,35.04,10067465,MSN
2025-02-18,35.09,35.63,34.89,35.38,11041206,MSN
2025-02-19,35.48,35.83,35.28,35.78,7304517,MSN
2025-02-20,35.97,36.07,35.53,35.78,8629348,MSN
2025-02-21,35.63,35.78,35.33,35.73,7674443,MSN
2025-02-24,35.73,36.27,35.48,36.22,8576517,MSN
2025-02-25,36.42,36.86,36.12,36.27,13216575,MSN
2025-02-26,36.42,36.66,36.07,36.07,12296970,MSN
2025-02-27,36.22,36.32,35.68,36.27,7285268,MSN
2025-02-28,36.12,36.57,35.93,35.93,6516800,MSN
2025-03-03,35.97,37.26,35.73,36.76,12220363,MSN
2025-03-04,36.66,36.96,36.07,36.91,8151819,MSN
2025-03-05,36.86,37.3,36.47,36.57,8996315,MSN
2025-03-06,36.62,37.95,36.62,37.95,13631921,MSN
2025-03-07,38.14,38.64,37.75,38.39,10525464,MSN
2025-03-10,38.64,39.33,38.34,38.68,13966631,MSN
2025-03-11,38.39,38.93,38.14,38.88,10536391,MSN
2025-03-12,39.23,39.33,38.39,38.68,9696352,MSN
2025-03-13,38.64,38.93,38.04,38.29,10379185,MSN
2025-03-14,38.14,38.64,37.95,38.34,6111355,MSN
2025-03-17,38.54,38.88,38.34,38.88,6428141,MSN
2025-03-18,39.13,39.13,38.54,38.54,8150384,MSN
2025-03-19,38.54,38.54,38.04,38.19,8199879,MSN
2025-03-20,38.39,39.03,38.24,38.64,8063181,MSN
2025-03-21,38.44,38.98,38.44,38.54,12820663,MSN
2025-03-24,38.59,38.88,37.8,38.88,9766599,MSN
2025-03-25,38.98,39.18,38.29,38.49,6654335,MSN
2025-03-26,38.39,38.54,37.75,37.85,7678000,MSN
2025-03-27,37.5,38.19,37.5,37.75,7129694,MSN
2025-03-28,37.9,38.09,37.01,37.55,9319725,MSN
2025-03-31,37.26,37.9,37.26,37.75,7306639,MSN
2025-04-01,37.95,38.44,37.7,38.44,6251914,MSN
2025-04-02,38.44,38.98,38.09,38.44,9671113,MSN
2025-04-03,37.5,37.65,35.78,35.78,20822413,MSN
2025-04-04,33.51,36.47,33.31,36.47,17510270,MSN
2025-04-08,35.19,35.48,33.95,33.95,6875829,MSN
2025-04-09,31.59,34.2,31.59,31.59,20605849,MSN
2025-04-10,33.76,33.76,33.76,33.76,345608,MSN
2025-04-11,33.76,35.83,33.71,35.78,15852836,MSN
2025-04-14,36.02,36.76,35.58,36.76,11514956,MSN
2025-04-15,36.17,36.66,35.53,35.97,8575617,MSN
2025-04-16,36.07,36.86,36.07,36.27,11604303,MSN
2025-04-17,35.78,37.06,35.78,37.06,9727069,MSN
2025-04-18,37.3,38.09,36.52,36.52,12116612,MSN
2025-04-21,36.66,36.91,34.99,35.19,16997111,MSN
2025-04-22,34.59,35.73,32.77,35.28,15022930,MSN
2025-04-23,36.37,36.37,35.58,35.78,4628114,MSN
2025-04-24,35.93,36.42,35.38,36.22,6727431,MSN
2025-04-25,36.32,36.32,35.73,35.83,6208639,MSN
2025-04-28,35.93,36.27,35.68,36.22,5792029,MSN
2025-04-29,36.22,36.47,36.02,36.47,5563694,MSN
2025-05-05,36.96,37.06,36.37,36.47,5870135,MSN
2025-05-06,36.66,37.11,36.37,36.47,7514769,MSN
2025-05-07,36.27,36.42,35.78,35.88,8553676,MSN
2025-05-08,35.93,36.62,35.88,36.32,5884603,MSN
2025-05-09,36.37,36.52,35.83,35.83,5256717,MSN
2025-05-12,35.88,36.07,35.43,35.93,7585393,MSN
2025-05-13,36.62,37.01,36.17,36.32,8002453,MSN
2025-05-14,36.32,37.35,36.12,37.16,16067936,MSN
2025-05-15,37.55,37.6,37.16,37.35,8569858,MSN
2025-05-16,37.45,37.95,36.91,37.01,10661423,MSN
2025-05-19,36.76,36.76,36.07,36.17,8213095,MSN
2025-05-20,36.17,37.01,35.97,36.42,6872170,MSN
2025-05-21,36.66,36.91,36.17,36.47,6831107,MSN
2025-05-22,36.17,37.11,35.97,35.97,10252861,MSN
2025-05-23,35.88,36.27,35.63,35.73,5004701,MSN
2025-05-26,35.88,36.47,34.89,36.47,7760673,MSN
2025-05-27,36.66,36.86,36.32,36.47,7681652,MSN
2025-05-28,36.66,37.01,35.97,36.02,10931302,MSN
2025-05-29,36.27,36.27,35.63,35.63,7381620,MSN
2025-05-30,35.68,36.66,35.48,35.48,7415698,MSN
2025-06-02,35.38,35.93,35.33,35.78,4954671,MSN
2025-06-03,36.42,37.26,36.27,36.66,18070426,MSN
2025-06-04,36.91,36.91,36.07,36.12,6733189,MSN
2025-06-05,36.07,36.52,36.02,36.32,5472223,MSN
2025-06-06,36.17,36.27,35.38,35.38,11237420,MSN
2025-06-09,35.38,35.63,34.69,34.69,6812747,MSN
2025-06-10,34.64,35.24,34.64,34.94,4649597,MSN
2025-06-11,35.04,35.14,34.89,34.94,2549822,MSN
2025-06-12,35.14,35.68,35.14,35.63,5393841,MSN
2025-06-13,35.14,35.38,34.69,34.84,7467290,MSN
2025-06-16,34.79,35.43,34.74,35.38,4737044,MSN
2025-06-17,35.63,35.63,35.28,35.53,4802542,MSN
2025-06-18,35.43,35.93,35.19,35.24,6287565,MSN
2025-06-19,35.14,35.33,35.04,35.09,2914529,MSN
2025-06-20,35.33,35.58,34.99,35.28,3952791,MSN
2025-06-23,34.74,34.99,34.59,34.69,7012880,MSN
2025-06-24,35.04,35.78,35.04,35.28,7977711,MSN
2025-06-25,35.43,35.83,35.09,35.33,6470869,MSN
2025-06-26,35.48,35.48,34.89,34.99,4492347,MSN
2025-06-27,35.04,35.33,34.84,34.94,4810527,MSN
2025-06-30,35.28,35.63,35.24,35.24,4948926,MSN
2025-07-01,35.24,35.33,34.79,34.89,4492112,MSN
2025-07-02,34.89,36.42,34.89,35.97,11566120,MSN
2025-07-03,35.97,36.76,35.73,36.27,16710333,MSN
2025-07-04,36.47,36.66,35.97,36.17,5155469,MSN
2025-07-07,36.47,36.86,36.42,36.57,10018760,MSN
2025-07-08,36.66,37.11,36.57,37.01,10692370,MSN
2025-07-09,37.06,38.34,37.06,37.7,18920605,MSN
2025-07-10,38.09,38.19,37.35,37.85,14177440,MSN
2025-07-11,37.9,40.46,37.65,40.46,29792608,MSN
2025-07-14,41.59,41.84,40.66,41.05,13540790,MSN
2025-07-15,41.1,42.97,40.26,40.31,25115995,MSN
2025-07-16,40.41,41.54,40.11,41.1,16258964,MSN
2025-07-17,41.4,41.54,40.46,40.71,18560818,MSN
2025-07-18,40.9,41.99,40.8,41.1,14725178,MSN
2025-07-21,41.1,41.15,40.02,40.06,20158142,MSN
2025-07-22,39.77,41.2,39.42,41.15,16928396,MSN
2025-07-23,41.49,42.58,40.8,41.0,17069027,MSN
2025-07-24,41.15,41.3,40.36,40.9,9862131,MSN
2025-07-25,40.95,42.53,40.9,42.43,26130808,MSN
2025-07-28,43.66,45.34,43.07,44.3,19924828,MSN
2025-07-29,45.14,45.14,41.25,41.25,29353855,MSN
2025-07-30,41.35,41.94,40.41,41.3,17301576,MSN
2025-07-31,41.4,42.53,40.31,42.43,15343929,MSN
2025-08-01,42.58,45.39,41.94,43.81,27840823,MSN
2025-08-04,43.42,44.3,43.17,44.01,14478052,MSN
2025-08-05,44.65,47.06,41.4,45.14,33437645,MSN
2025-08-06,46.13,46.22,44.99,45.93,11619336,MSN
2025-08-07,46.47,46.82,45.29,45.83,13878412,MSN
2025-08-08,46.37,47.41,44.35,44.84,18418796,MSN
2025-08-11,44.94,45.93,44.45,45.24,14542488,MSN
2025-08-12,45.78,45.78,44.45,44.84,11945176,MSN
2025-08-13,45.34,46.42,44.35,46.32,19406611,MSN
2025-08-14,46.72,47.56,45.83,45.93,14114911,MSN
2025-08-15,46.18,46.52,43.96,44.65,18398606,MSN
2025-08-18,44.45,44.84,43.56,43.86,13903313,MSN
2025-08-19,43.91,46.32,43.46,45.24,21215334,MSN
2025-08-20,45.09,45.53,42.38,45.53,15830915,MSN
2025-08-21,45.63,47.8,45.24,45.34,22523300,MSN
2025-08-22,44.65,45.04,42.38,42.68,15160792,MSN
2025-08-25,43.37,44.15,41.44,42.18,9755192,MSN
2025-08-26,41.94,44.3,41.94,44.25,7894248,MSN
2025-08-27,44.5,45.14,44.06,44.06,10704083,MSN
2025-08-28,44.15,45.78,43.96,45.58,12812593,MSN
2025-08-29,46.18,48.74,46.13,47.56,24121707,MSN
2025-09-03,47.65,48.1,46.67,47.11,10139793,MSN
2025-09-04,47.21,47.9,46.77,47.51,10820510,MSN
2025-09-05,48.0,48.2,45.34,45.34,18287693,MSN
2025-09-08,44.7,45.34,42.43,42.43,21521174,MSN
2025-09-09,42.87,44.25,42.43,44.25,10049198,MSN
2025-09-10,44.25,44.4,43.27,43.27,6955990,MSN
2025-09-11,43.17,43.86,41.49,43.86,11468193,MSN
2025-09-12,43.91,44.25,43.56,43.66,5738484,MSN
2025-09-15,44.15,44.7,43.96,44.5,6088360,MSN
2025-09-16,45.14,45.19,43.46,43.46,7708922,MSN
2025-09-17,43.37,43.71,42.53,42.58,6943657,MSN
2025-09-18,42.78,42.97,42.18,42.63,5755157,MSN
2025-09-19,42.82,42.97,41.99,41.99,5245364,MSN
2025-09-22,42.28,42.48,40.71,40.9,7916815,MSN
2025-09-23,41.15,41.84,41.15,41.3,3682269,MSN
2025-09-24,41.4,43.02,41.05,43.02,8223401,MSN
2025-09-25,43.17,43.32,42.68,43.32,5296072,MSN
2025-09-26,43.22,43.22,42.09,42.38,6124425,MSN
2025-09-29,42.38,42.87,41.89,42.87,4643507,MSN
2025-09-30,42.78,43.27,41.94,42.82,7696146,MSN
2025-10-01,42.82,43.17,42.23,42.23,5222338,MSN
2025-10-02,42.58,42.63,41.49,41.49,5077866,MSN
2025-10-03,41.49,41.74,40.61,41.0,5982077,MSN
2025-10-06,41.49,43.86,41.49,43.86,10263450,MSN
2025-10-07,44.06,44.06,42.87,42.92,9008451,MSN
2025-10-08,43.76,44.15,42.48,43.17,12481039,MSN
2025-10-09,43.27,43.51,42.18,42.38,7851701,MSN
2025-10-10,42.38,44.25,42.38,42.92,13136528,MSN
2025-10-13,42.53,43.66,42.28,43.37,7995091,MSN
2025-10-14,43.86,44.5,41.89,42.38,16108796,MSN
2025-10-15,42.68,42.87,41.94,42.13,7904271,MSN
2025-10-16,42.48,43.12,41.94,42.04,8967715,MSN
2025-10-17,42.28,42.97,41.3,41.35,12199007,MSN
2025-10-20,41.2,41.89,38.49,38.49,13016774,MSN
2025-10-21,38.39,38.93,36.52,37.16,16468593,MSN
2025-10-22,37.75,37.8,35.97,36.96,10772044,MSN
2025-10-23,37.35,37.6,36.27,36.27,6772973,MSN
2025-10-24,36.37,37.21,35.97,36.86,15331396,MSN
2025-10-27,37.55,37.85,36.42,36.86,9068441,MSN
2025-10-28,37.11,37.65,36.71,37.65,7921609,MSN
2025-10-29,37.85,37.9,37.16,37.3,6257543,MSN
2025-10-30,37.4,37.4,36.47,36.57,6630810,MSN
2025-10-31,36.57,37.21,36.47,36.57,10406052,MSN
2025-11-03,36.71,37.01,35.48,35.48,8669223,MSN
2025-11-04,35.19,37.95,35.19,37.95,17176740,MSN
2025-11-05,37.9,37.95,36.76,36.81,8189090,MSN
2025-11-06,36.96,37.11,36.22,36.27,6457658,MSN
2025-11-07,36.27,36.52,35.09,35.48,7829574,MSN
2025-11-10,35.48,36.42,35.04,35.28,7687398,MSN
2025-11-11,35.48,36.27,35.43,36.17,5070223,MSN
2025-11-12,36.27,36.62,35.83,36.07,14009619,MSN
2025-11-13,36.22,36.37,35.53,35.63,12493625,MSN
2025-11-14,35.58,35.93,35.09,35.24,13917933,MSN
2025-11-17,35.48,35.93,35.19,35.68,8685542,MSN
2025-11-18,35.88,36.22,35.63,35.88,11140237,MSN
2025-11-19,35.88,35.93,35.14,35.28,9150912,MSN
2025-11-20,35.28,35.43,34.35,34.55,16618667,MSN
2025-11-21,34.5,34.5,33.81,33.86,11866853,MSN
2025-11-24,33.86,34.35,33.61,33.71,7198664,MSN
2025-11-25,33.66,33.9,32.82,32.82,16569409,MSN
2025-11-26,33.12,34.3,33.02,33.9,10559344,MSN
2025-11-27,34.0,34.1,33.21,33.36,7501178,MSN
2025-11-28,33.66,33.86,33.26,33.26,6045554,MSN
2025-12-01,33.51,33.56,32.92,32.92,6097651,MSN
2025-12-02,32.92,33.71,32.82,33.51,11389378,MSN
2025-12-03,33.71,34.25,33.41,34.15,7148359,MSN
2025-12-04,34.3,34.59,34.1,34.55,11772547,MSN
2025-12-05,34.59,34.59,33.9,33.95,6981321,MSN
2025-12-08,34.0,34.0,33.21,33.36,6589711,MSN
2025-12-09,33.17,34.3,32.92,33.61,12927536,MSN
2025-12-10,34.0,34.3,33.61,33.81,4963960,MSN
2025-12-11,34.0,34.15,33.36,33.71,5111306,MSN
2025-12-12,33.86,33.86,32.23,32.23,9050757,MSN
2025-12-15,32.33,33.36,32.23,32.87,9394144,MSN
2025-12-16,32.92,34.4,32.28,33.71,9721607,MSN
2025-12-17,33.71,34.05,33.46,33.71,5809837,MSN
2025-12-18,33.71,34.05,33.41,33.71,4931468,MSN
2025-12-19,33.9,34.25,33.51,34.25,8196430,MSN
2025-12-22,34.4,34.74,34.0,34.69,8411270,MSN
2025-12-23,34.74,34.79,33.81,33.81,6915914,MSN
2025-12-24,33.81,35.33,33.66,35.14,12213159,MSN
2025-12-25,35.19,35.43,33.9,33.9,7879096,MSN
2025-12-26,34.0,35.38,33.61,35.09,14219056,MSN
2025-12-29,35.09,35.73,34.79,34.79,6892857,MSN
2025-12-30,35.28,35.58,34.79,34.89,6366199,MSN
2025-12-31,34.99,35.38,34.5,34.79,8097918,MSN
2026-01-05,34.79,34.89,33.12,33.46,10468531,MSN
2026-01-06,33.61,34.1,33.07,33.51,7683846,MSN
2026-01-07,33.95,34.59,33.61,34.15,5886540,MSN
2026-01-08,34.4,35.0,34.0,34.0,11800822,MSN
2026-01-09,34.4,34.45,33.5,33.55,7735444,MSN
2026-01-12,33.7,35.85,33.7,35.85,21858744,MSN
2026-01-13,36.3,36.6,35.1,35.65,14466132,MSN
2026-01-14,35.6,35.95,34.55,35.5,15049460,MSN
2026-01-15,35.5,35.85,34.6,34.85,11414440,MSN
2026-01-16,35.1,35.55,34.0,34.7,11426179,MSN
2026-01-19,34.9,35.3,34.7,34.8,6516765,MSN
2026-01-20,35.35,36.05,34.95,35.35,12071936,MSN
2026-01-21,35.05,35.35,34.3,35.0,10598500,MSN
2026-01-22,35.2,35.95,35.1,35.15,10034800,MSN
2026-01-23,35.7,37.2,35.2,35.9,23579600,MSN
2026-01-26,36.3,37.65,36.0,36.8,23942900,MSN
2026-01-27,36.8,37.4,36.35,37.0,15537000,MSN
2026-01-28,37.25,37.25,35.95,36.15,12939200,MSN
2026-01-29,36.3,36.55,36.05,36.15,5993000,MSN
2026-01-30,36.15,36.65,36.0,36.65,9459900,MSN
2026-02-02,36.5,36.5,35.4,36.0,13525700,MSN
2026-02-03,36.05,36.8,35.9,36.3,9322700,MSN
2026-02-04,36.85,37.65,36.75,36.75,15591900,MSN
2026-02-05,36.75,36.85,36.1,36.1,7685400,MSN
2026-02-06,35.8,36.0,34.25,34.25,14180300,MSN
2026-02-09,34.85,34.85,34.15,34.45,4853800,MSN
2026-02-10,34.55,34.85,34.15,34.75,4436000,MSN
2026-02-11,34.75,35.8,34.75,35.55,6361500,MSN
2026-02-12,35.55,36.3,35.5,35.9,5971500,MSN
2026-02-13,35.8,36.5,35.8,36.5,5806100,MSN
2026-02-23,37.0,37.1,36.65,36.95,7835300,MSN
2026-02-24,36.95,37.5,36.55,37.0,10105300,MSN
2026-02-25,37.15,37.2,36.5,36.5,9208900,MSN
2026-02-26,36.55,37.25,36.25,37.15,8548700,MSN
2026-02-27,37.15,38.8,37.05,38.5,22486400,MSN
2026-03-02,37.95,39.9,37.55,38.5,22914100,MSN
2026-03-03,39.0,39.9,38.15,38.2,18540100,MSN
2026-03-04,38.2,40.85,37.95,40.85,33928700,MSN
2026-03-05,41.95,42.4,40.5,40.5,20145700,MSN
2026-03-06,40.0,40.45,38.0,38.0,25516300,MSN
2026-03-09,35.35,36.1,35.35,35.35,7186100,MSN
2026-03-10,36.0,36.5,34.85,35.7,26393700,MSN
2026-03-11,35.7,38.0,35.45,37.2,14451000,MSN
2026-03-12,36.7,37.15,35.65,36.6,12441500,MSN
2026-03-13,35.95,37.65,35.3,36.95,14180900,MSN
2026-03-16,37.1,37.7,36.7,36.95,8928300,MSN
2026-03-17,37.35,38.25,37.05,37.25,10014300,MSN
2026-03-18,37.4,37.45,35.55,36.0,16462500,MSN
2026-03-19,35.5,35.5,34.65,35.05,15175000,MSN
2026-03-20,35.0,35.8,34.55,35.7,14291900,MSN
2026-03-23,34.9,35.4,33.25,33.25,16127700,MSN
2026-03-24,34.1,34.8,33.8,34.0,9586800,MSN
