date,price,symbol
2020-01-02,11.51,BVPF
2020-01-06,11.41,BVPF
2020-01-09,11.4,BVPF
2020-01-13,11.45,BVPF
2020-01-16,11.5,BVPF
2020-01-20,11.52,BVPF
2020-01-23,11.6,BVPF
2020-01-27,11.6,BVPF
2020-01-30,11.38,BVPF
2020-01-31,11.14,BVPF
2020-02-03,10.97,BVPF
2020-02-06,11.15,BVPF
2020-02-10,11.04,BVPF
2020-02-13,11.26,BVPF
2020-02-17,11.27,BVPF
2020-02-20,11.38,BVPF
2020-02-24,10.96,BVPF
2020-02-27,11.05,BVPF
2020-02-29,10.89,BVPF
2020-03-03,11.0,BVPF
2020-03-06,11.07,BVPF
2020-03-10,10.57,BVPF
2020-03-13,10.04,BVPF
2020-03-17,9.87,BVPF
2020-03-20,9.76,BVPF
2020-03-24,9.39,BVPF
2020-03-27,9.52,BVPF
2020-03-31,9.18,BVPF
2020-04-03,9.31,BVPF
2020-04-07,9.75,BVPF
2020-04-10,9.81,BVPF
2020-04-14,9.9,BVPF
2020-04-17,10.1,BVPF
2020-04-21,10.31,BVPF
2020-04-24,10.22,BVPF
2020-04-28,10.22,BVPF
2020-04-30,10.2,BVPF
2020-05-05,10.09,BVPF
2020-05-08,10.33,BVPF
2020-05-12,10.45,BVPF
2020-05-15,10.62,BVPF
2020-05-19,10.61,BVPF
2020-05-22,10.72,BVPF
2020-05-26,10.74,BVPF
2020-05-29,10.74,BVPF
2020-06-02,10.9,BVPF
2020-06-05,10.91,BVPF
2020-06-09,11.07,BVPF
2020-06-12,10.82,BVPF
2020-06-16,10.6,BVPF
2020-06-19,10.71,BVPF
2020-06-23,10.81,BVPF
2020-06-26,10.76,BVPF
2020-06-30,10.6,BVPF
2020-07-03,10.68,BVPF
2020-07-07,10.75,BVPF
2020-07-10,10.85,BVPF
2020-07-14,10.76,BVPF
2020-07-17,10.85,BVPF
2020-07-21,10.88,BVPF
2020-07-24,10.89,BVPF
2020-07-28,10.39,BVPF
2020-07-31,10.5,BVPF
2020-08-03,10.6,BVPF
2020-08-06,10.79,BVPF
2020-08-10,10.79,BVPF
2020-08-13,10.93,BVPF
2020-08-17,10.95,BVPF
2020-08-20,10.93,BVPF
2020-08-24,11.09,BVPF
2020-08-27,11.24,BVPF
2020-08-31,11.26,BVPF
2020-09-03,11.35,BVPF
2020-09-10,11.31,BVPF
2020-09-14,11.33,BVPF
2020-09-17,11.36,BVPF
2020-09-21,11.46,BVPF
2020-09-24,11.49,BVPF
2020-09-28,11.57,BVPF
2020-09-30,11.56,BVPF
2020-10-02,11.6,BVPF
2020-10-06,11.77,BVPF
2020-10-09,11.72,BVPF
2020-10-13,11.82,BVPF
2020-10-16,11.97,BVPF
2020-10-20,12.07,BVPF
2020-10-23,12.06,BVPF
2020-10-27,12.06,BVPF
2020-10-30,11.88,BVPF
2020-11-03,11.99,BVPF
2020-11-06,12.04,BVPF
2020-11-10,12.15,BVPF
2020-11-13,12.22,BVPF
2020-11-17,12.22,BVPF
2020-11-20,12.39,BVPF
2020-11-24,12.51,BVPF
2020-11-27,12.36,BVPF
2020-12-01,12.56,BVPF
2020-12-04,12.78,BVPF
2020-12-08,12.83,BVPF
2020-12-11,12.73,BVPF
2020-12-15,13.0,BVPF
2020-12-18,12.95,BVPF
2020-12-22,13.14,BVPF
2020-12-25,13.08,BVPF
2020-12-29,13.16,BVPF
2021-01-05,13.39,BVPF
2021-01-08,13.61,BVPF
2021-01-12,13.76,BVPF
2021-01-15,13.78,BVPF
2021-01-19,13.89,BVPF
2021-01-22,13.74,BVPF
2021-01-26,13.75,BVPF
2021-01-29,12.84,BVPF
2021-02-02,13.02,BVPF
2021-02-05,13.54,BVPF
2021-02-10,13.4,BVPF
2021-02-16,13.62,BVPF
2021-02-19,13.94,BVPF
2021-02-23,13.85,BVPF
2021-02-26,14.05,BVPF
2021-03-02,14.15,BVPF
2021-03-05,13.97,BVPF
2021-03-09,14.09,BVPF
2021-03-12,14.22,BVPF
2021-03-16,14.27,BVPF
2021-03-19,14.37,BVPF
2021-03-23,14.23,BVPF
2021-03-29,14.06,BVPF
2021-03-30,14.15,BVPF
2021-04-02,14.38,BVPF
2021-04-06,14.52,BVPF
2021-04-09,14.55,BVPF
2021-04-13,14.7,BVPF
2021-04-16,14.57,BVPF
2021-04-20,14.65,BVPF
2021-04-23,14.43,BVPF
2021-04-27,14.43,BVPF
2021-05-04,14.61,BVPF
2021-05-07,14.63,BVPF
2021-05-11,14.84,BVPF
2021-05-14,14.76,BVPF
2021-05-18,14.75,BVPF
2021-05-21,15.09,BVPF
2021-05-25,15.18,BVPF
2021-05-28,15.27,BVPF
2021-06-01,15.62,BVPF
2021-06-04,15.92,BVPF
2021-06-08,15.68,BVPF
2021-06-11,15.48,BVPF
2021-06-15,15.68,BVPF
2021-06-18,15.7,BVPF
2021-06-22,15.88,BVPF
2021-06-25,15.84,BVPF
2021-06-29,15.96,BVPF
2021-07-02,16.04,BVPF
2021-07-06,16.06,BVPF
2021-07-09,15.91,BVPF
2021-07-13,15.43,BVPF
2021-07-16,15.41,BVPF
2021-07-20,15.09,BVPF
2021-07-23,15.45,BVPF
2021-07-27,15.39,BVPF
2021-07-30,15.57,BVPF
2021-08-03,15.76,BVPF
2021-08-06,15.91,BVPF
2021-08-10,16.07,BVPF
2021-08-13,15.92,BVPF
2021-08-17,16.12,BVPF
2021-08-20,16.17,BVPF
2021-08-24,15.5,BVPF
2021-08-27,15.56,BVPF
2021-08-31,15.78,BVPF
2021-09-07,16.02,BVPF
2021-09-10,16.09,BVPF
2021-09-14,15.98,BVPF
2021-09-17,16.02,BVPF
2021-09-21,16.12,BVPF
2021-09-24,16.14,BVPF
2021-09-28,16.0,BVPF
2021-10-01,16.26,BVPF
2021-10-05,16.22,BVPF
2021-10-08,16.35,BVPF
2021-10-12,16.68,BVPF
2021-10-15,16.73,BVPF
2021-10-19,16.82,BVPF
2021-10-22,16.71,BVPF
2021-10-26,16.7,BVPF
2021-10-29,17.14,BVPF
2021-11-02,17.08,BVPF
2021-11-05,17.21,BVPF
2021-11-09,17.31,BVPF
2021-11-12,17.2,BVPF
2021-11-16,17.39,BVPF
2021-11-19,17.23,BVPF
2021-11-23,17.07,BVPF
2021-11-26,17.56,BVPF
2021-11-30,17.17,BVPF
2021-12-03,17.15,BVPF
2021-12-07,16.62,BVPF
2021-12-10,17.08,BVPF
2021-12-14,17.16,BVPF
2021-12-17,17.21,BVPF
2021-12-21,17.14,BVPF
2021-12-24,16.92,BVPF
2021-12-28,17.19,BVPF
2021-12-31,17.18,BVPF
2022-01-04,17.33,BVPF
2022-01-07,17.29,BVPF
2022-01-11,17.08,BVPF
2022-01-14,17.13,BVPF
2022-01-18,16.87,BVPF
2022-01-21,17.01,BVPF
2022-01-25,16.98,BVPF
2022-01-28,17.27,BVPF
2022-02-08,17.55,BVPF
2022-02-11,17.81,BVPF
2022-02-15,17.44,BVPF
2022-02-18,17.72,BVPF
2022-02-22,17.68,BVPF
2022-02-25,17.69,BVPF
2022-03-01,17.63,BVPF
2022-03-04,17.76,BVPF
2022-03-08,17.68,BVPF
2022-03-11,17.55,BVPF
2022-03-15,17.18,BVPF
2022-03-18,17.31,BVPF
2022-03-22,17.6,BVPF
2022-03-25,17.63,BVPF
2022-03-29,17.58,BVPF
2022-04-01,17.87,BVPF
2022-04-05,18.09,BVPF
2022-04-08,18.04,BVPF
2022-04-12,17.85,BVPF
2022-04-15,17.89,BVPF
2022-04-19,17.58,BVPF
2022-04-22,17.21,BVPF
2022-04-26,16.37,BVPF
2022-04-29,16.77,BVPF
2022-05-06,16.96,BVPF
2022-05-10,15.94,BVPF
2022-05-13,15.71,BVPF
2022-05-17,15.11,BVPF
2022-05-20,15.74,BVPF
2022-05-24,15.56,BVPF
2022-05-27,16.35,BVPF
2022-05-31,16.75,BVPF
2022-06-03,16.67,BVPF
2022-06-07,16.62,BVPF
2022-06-10,16.89,BVPF
2022-06-14,15.89,BVPF
2022-06-17,16.2,BVPF
2022-06-21,15.66,BVPF
2022-06-24,15.78,BVPF
2022-06-28,15.91,BVPF
2022-07-01,15.9,BVPF
2022-07-05,15.82,BVPF
2022-07-08,15.59,BVPF
2022-07-12,15.55,BVPF
2022-07-15,15.74,BVPF
2022-07-19,15.68,BVPF
2022-07-22,15.92,BVPF
2022-07-26,15.77,BVPF
2022-07-29,15.86,BVPF
2022-08-02,16.14,BVPF
2022-08-05,16.26,BVPF
2022-08-09,16.29,BVPF
2022-08-12,16.14,BVPF
2022-08-16,16.35,BVPF
2022-08-19,16.38,BVPF
2022-08-23,16.26,BVPF
2022-08-26,16.5,BVPF
2022-08-30,16.42,BVPF
2022-09-06,16.45,BVPF
2022-09-09,16.14,BVPF
2022-09-13,16.24,BVPF
2022-09-16,16.15,BVPF
2022-09-20,15.89,BVPF
2022-09-23,15.9,BVPF
2022-09-27,15.59,BVPF
2022-09-30,15.36,BVPF
2022-10-04,14.92,BVPF
2022-10-07,14.85,BVPF
2022-10-11,14.61,BVPF
2022-10-14,14.72,BVPF
2022-10-18,14.78,BVPF
2022-10-21,14.94,BVPF
2022-10-25,14.2,BVPF
2022-10-28,14.71,BVPF
2022-11-01,14.74,BVPF
2022-11-04,14.64,BVPF
2022-11-08,14.39,BVPF
2022-11-11,14.11,BVPF
2022-11-15,14.01,BVPF
2022-11-18,14.1,BVPF
2022-11-22,14.01,BVPF
2022-11-25,14.17,BVPF
2022-11-29,14.59,BVPF
2022-12-02,14.84,BVPF
2022-12-06,15.36,BVPF
2022-12-09,15.03,BVPF
2022-12-13,14.9,BVPF
2022-12-16,15.11,BVPF
2022-12-20,15.01,BVPF
2022-12-23,14.94,BVPF
2022-12-27,14.69,BVPF
2022-12-30,14.88,BVPF
2023-01-03,14.88,BVPF
2023-01-06,15.35,BVPF
2023-01-10,15.3,BVPF
2023-01-13,15.22,BVPF
2023-01-17,15.31,BVPF
2023-01-27,15.72,BVPF
2023-01-31,15.8,BVPF
2023-02-03,15.66,BVPF
2023-02-07,15.78,BVPF
2023-02-10,15.56,BVPF
2023-02-14,15.44,BVPF
2023-02-17,15.58,BVPF
2023-02-21,15.74,BVPF
2023-02-24,15.52,BVPF
2023-02-28,15.24,BVPF
2023-03-03,15.41,BVPF
2023-03-07,15.15,BVPF
2023-03-10,15.36,BVPF
2023-03-14,15.32,BVPF
2023-03-17,15.3,BVPF
2023-03-21,15.03,BVPF
2023-03-24,15.09,BVPF
2023-03-28,15.26,BVPF
2023-03-31,15.29,BVPF
2023-04-04,15.4,BVPF
2023-04-07,15.46,BVPF
2023-04-11,15.45,BVPF
2023-04-14,15.49,BVPF
2023-04-18,15.34,BVPF
2023-04-21,15.32,BVPF
2023-04-25,15.23,BVPF
2023-04-28,15.28,BVPF
2023-05-05,15.19,BVPF
2023-05-09,15.2,BVPF
2023-05-12,15.18,BVPF
2023-05-16,15.33,BVPF
2023-05-19,15.29,BVPF
2023-05-23,15.3,BVPF
2023-05-26,15.23,BVPF
2023-05-30,15.32,BVPF
2023-06-02,15.41,BVPF
2023-06-06,15.57,BVPF
2023-06-09,15.59,BVPF
2023-06-13,15.66,BVPF
2023-06-16,15.71,BVPF
2023-06-20,15.61,BVPF
2023-06-23,15.9,BVPF
2023-06-27,15.97,BVPF
2023-06-30,15.9,BVPF
2023-07-04,15.86,BVPF
2023-07-07,15.94,BVPF
2023-07-11,16.33,BVPF
2023-07-14,16.42,BVPF
2023-07-18,16.4,BVPF
2023-07-21,16.37,BVPF
2023-07-25,16.68,BVPF
2023-07-28,16.58,BVPF
2023-08-01,16.87,BVPF
2023-08-04,16.79,BVPF
2023-08-08,16.97,BVPF
2023-08-11,16.82,BVPF
2023-08-15,16.92,BVPF
2023-08-18,16.96,BVPF
2023-08-22,16.5,BVPF
2023-08-25,16.66,BVPF
2023-08-29,16.85,BVPF
2023-09-05,17.24,BVPF
2023-09-08,17.56,BVPF
2023-09-12,17.37,BVPF
2023-09-15,17.43,BVPF
2023-09-19,17.35,BVPF
2023-09-22,17.5,BVPF
2023-09-26,16.86,BVPF
2023-09-29,17.01,BVPF
